epoch,corrections_enabled,shrinkage_learnable,train_main_mse,train_total_loss,val_mse,val_rmse,val_mae,val_r2,val_pearson,val_spearman,drug_gate_mean,drug_gate_std,joint_gate_mean,joint_gate_std,gradient_norm_mean_before_clip,gradient_norm_max_before_clip,gradient_clip_norm,epoch_duration_sec,validation_duration_sec,configured_concurrency,lr,train_protein_aux,train_drug_utility,train_joint_utility,train_gate_prior,effective_drug_gate_mean,effective_joint_gate_mean,drug_contribution_rms_mean,joint_contribution_rms_mean,drug_availability_fraction,joint_availability_fraction,joint_attention_confidence_mean,drug_prediction_shift_mean,joint_prediction_shift_mean,protein_expert0_mean,drug_expert0_mean,protein_expert1_mean,drug_expert1_mean,protein_expert2_mean,drug_expert2_mean,protein_expert3_mean,drug_expert3_mean
1,False,False,1.098296947394188,1.2081266407075983,0.6882484555244446,0.8296074271202087,0.6142045259475708,0.42392563109417003,0.6619383258468888,0.6242069505291156,0.19999998807907104,1.2207025429232522e-05,0.3999999761581421,2.4414050858465043e-05,6.702031401246942,50.467132568359375,5.0,2.5605437280610204,0.05362395290285349,1,0.00046616120605997506,0.1098296960575383,0.0,0.0,0.0,0.0,0.0,9.999999747378752e-05,9.999999747378752e-05,0.0,0.0,0.025372547936964886,0.0,0.0,0.0023970449319631213,0.24001622448625495,0.008015016830212787,0.33512005788456856,0.9859607787597592,0.1876645127442301,0.0036271490232509846,0.2371992075118038
2,False,False,0.9068650016629558,0.9975515047375578,0.6294156908988953,0.793357253074646,0.5883976221084595,0.4731695228141064,0.6913071068009151,0.6471716671161675,0.19999998807907104,1.2207025429232522e-05,0.3999999761581421,2.4414050858465043e-05,4.992187317871222,30.430681228637695,5.0,1.766539572738111,0.04820819478482008,1,0.00046616120605997506,0.09068650186280763,0.0,0.0,0.0,0.0,0.0,9.999999747378752e-05,9.999999747378752e-05,0.0,0.0,0.024768411378295073,0.0,0.0,3.761551283787412e-07,0.24004092975153127,6.262531577783278e-06,0.33496982619119464,0.9998676391613571,0.1877569574374092,0.00012571614460392606,0.2372322898721645
3,False,False,0.8321726709635535,0.9153899348420086,0.6355445384979248,0.7972104549407959,0.6091941595077515,0.4680395832310086,0.7014258264453119,0.6554089377710317,0.19999998807907104,1.2207025429232522e-05,0.3999999761581421,2.4414050858465043e-05,3.384139461507327,10.746955871582031,5.0,1.838891034014523,0.051339829340577126,1,0.00046616120605997506,0.08321726833863999,0.0,0.0,0.0,0.0,0.0,9.999999747378752e-05,9.999999747378752e-05,0.0,0.0,0.024355124748641273,0.0,0.0,5.887856535575655e-07,0.24006592889647668,6.821366613923939e-06,0.3348192699245741,0.9997632851255402,0.18784944806932027,0.0002293152029082837,0.23726535431360524
4,False,False,0.8124017459022786,0.8936419246204252,0.6005000472068787,0.7749193906784058,0.5701798796653748,0.4973723380411661,0.7059100112232612,0.6784795954066237,0.19999998807907104,1.2207025429232522e-05,0.3999999761581421,2.4414050858465043e-05,3.048517967696455,9.934417724609375,5.0,1.9410919733345509,0.04975970555096865,1,0.00046616120605997506,0.08124017579029515,0.0,0.0,0.0,0.0,0.0,9.999999747378752e-05,9.999999747378752e-05,0.0,0.0,0.02395428821897957,0.0,0.0,1.765591248428401e-06,0.24009052650750873,4.420992580066024e-06,0.33467044972923093,0.9999922325078238,0.18794100998206004,1.5977765030622245e-06,0.23729801409392143
5,False,False,0.8135805450544027,0.8949385934899261,0.5779786109924316,0.7602490186691284,0.5553321838378906,0.516223139930802,0.7254689717887971,0.6962110031250868,0.19999998807907104,1.2207025429232522e-05,0.3999999761581421,2.4414050858465043e-05,3.5485314132033965,34.491947174072266,5.0,1.9749613627791405,0.050330065190792084,1,0.00046616120605997506,0.08135805574342499,0.0,0.0,0.0,0.0,0.0,9.999999747378752e-05,9.999999747378752e-05,0.0,0.0,0.023688484370270657,0.0,0.0,2.8690173998219073e-07,0.24011504221688038,1.4612093435287206e-07,0.3345200711820208,0.9999994035782869,0.18803366105553987,1.6989025152513883e-07,0.23733122304379
6,True,False,0.7213723608229118,0.8017405329070837,0.5392613410949707,0.7343441843986511,0.5780459046363831,0.5486301339825193,0.7752591320559109,0.748712379647427,0.19999998807907104,1.2207025429232522e-05,0.3999999761581421,2.4414050858465043e-05,3.0861054632621197,9.234084129333496,5.0,2.0245241690427065,0.051379081793129444,1,0.00046616120605997506,0.07844538949156359,0.0012382508805490724,0.0006845307964948861,0.0,0.19999998807907104,0.33620144506566546,0.2013904593048416,0.33054667848855224,1.0,0.8405036726128017,0.9146113619442877,0.14696178217061795,0.037036873478391616,7.953793692831381e-07,0.0038967909711468598,1.5727861520361412e-06,0.003816084235118076,0.9999961367058728,0.0035530582757498513,1.524521161294319e-06,0.988734075555271
7,True,False,0.55436407099991,0.6380450071968287,0.6644250750541687,0.8151227235794067,0.6349810361862183,0.4438661393357525,0.8045127910066066,0.7874438929215509,0.19999998807907104,1.2207025429232522e-05,0.3999999761581421,2.4414050858465043e-05,3.104814077849653,9.168610572814941,5.0,2.059444368816912,0.04990364518016577,1,0.00046616120605997506,0.08099144421603847,0.0019450144608214827,0.0007444762610202482,0.0,0.19999998807907104,0.33735569229531265,0.21095550466809668,0.3282865221140142,1.0,0.843389296956978,0.9843501102761731,0.3721832313417513,0.05440552506091587,1.6678392275747448e-08,1.9341638888611208e-07,2.5153868063236e-07,4.296043248699824e-08,0.9999997857860353,1.9584180222023646e-07,7.913072275913772e-09,0.9999995756999893
8,True,False,0.4798125321786276,0.5651840455634647,0.45888638496398926,0.6774115562438965,0.4978325366973877,0.6159051288322448,0.8285766455178221,0.8078251434907502,0.19999998807907104,1.2207025429232522e-05,0.3999999761581421,2.4414050858465043e-05,3.5021148638610198,10.366543769836426,5.0,2.0479667698964477,0.04811765439808369,1,0.00046616120605997506,0.08276512842050754,0.001808561632350568,0.0007978260049199175,0.0,0.19999998807907104,0.3393493968942608,0.21591692029304044,0.33191305991547554,1.0,0.8483735571878279,0.995245166865626,0.410306601059024,0.06204475794702862,1.9772326434402867e-08,4.543388832114654e-08,3.083335460278507e-07,1.969771778557603e-08,0.9999997101700694,7.687834789780978e-08,8.941719463439836e-09,0.9999998686571311
9,True,False,0.40788021718092254,0.49779651643159134,0.3802902400493622,0.6166767477989197,0.44951772689819336,0.6816913204954189,0.8310986495869689,0.8115531060574905,0.19999998807907104,1.2207025429232522e-05,0.3999999761581421,2.4414050858465043e-05,3.5796539723435328,14.305864334106445,5.0,2.214617338962853,0.0475265858694911,1,0.00046616120605997506,0.08710436297410558,0.0015536048074402179,0.0012583307582779485,0.0,0.19999998807907104,0.34564530114562164,0.21986278994761385,0.3417875480614329,1.0,0.8641133263378804,0.9943596734455225,0.42243719826465137,0.09310119884461947,2.2690959916669916e-08,6.285070248930575e-08,6.295128219453173e-07,6.288400647739993e-09,0.9999993644256031,1.0908540558155408e-07,9.350417652931903e-09,0.9999998320062163
10,True,False,0.3113878399039866,0.39447946128790173,0.3926818370819092,0.6266433000564575,0.4601167142391205,0.6713193479827788,0.829714926920958,0.8095276714136029,0.19999998807907104,1.2207025429232522e-05,0.3999999761581421,2.4414050858465043e-05,2.761146691763639,10.017626762390137,5.0,2.070686505176127,0.049076974391937256,1,0.00046616120605997506,0.0810496499322175,0.0011967459266246975,0.0008452267460290495,0.0,0.19999998807907104,0.34428119037108806,0.22094710374491414,0.3427077120899028,1.0,0.8607030430220357,0.9950347191889664,0.3974956501068123,0.09422075585828624,3.052986536680441e-08,3.664606228267716e-08,1.092643914258647e-06,3.666901587163811e-09,0.9999988749545118,5.297284017716098e-08,1.1775321282930289e-08,0.9999999189426867
11,True,True,0.275261215584163,0.35700562024041466,0.3676140010356903,0.6063117980957031,0.4304615557193756,0.6923015147076093,0.8341917174880789,0.8202803086903363,0.20108523659978808,0.00045255060150836,0.3999605424006363,0.0003534208064630832,2.5165006306339035,6.695916652679443,5.0,2.0695511968806386,0.048523846082389355,1,0.00046616120605997506,0.07997814995986248,0.0010850863175878081,0.0006811694744857104,0.0,0.20108523659978808,0.3387853450064644,0.22382419464908393,0.3393304634757207,1.0,0.8470619097586569,0.997689534084244,0.4226970600056123,0.06507782420731792,1.0234612373171012e-07,1.88676101255144e-08,2.2681071244263637e-05,3.3430678982528786e-09,0.999977190184318,4.01777840280581e-08,3.831177602749828e-08,0.99999994846356
12,True,True,0.251057090454687,0.33120679131397296,0.3485897183418274,0.5904148817062378,0.41862836480140686,0.7082251128777399,0.8425333206272667,0.8248551560010835,0.20231060594601746,0.0002622126668327914,0.3994488218273471,0.00018162152227043214,2.2650032891556697,6.3808393478393555,5.0,2.110864808782935,0.05035117454826832,1,0.00046616120605997506,0.0786080580724624,0.0010452245540207433,0.0004964189405786606,0.0,0.20231060594601746,0.3375195323607854,0.22528269874461676,0.3386677260288787,1.0,0.8449632738719832,0.9977000046126615,0.44622749850107013,0.049464703309823686,8.474472557309195e-08,8.082098676541784e-08,0.00024738199133945694,6.439186908038667e-09,0.9997524379558103,1.0643771751439414e-07,1.012343754850965e-07,0.9999998178712218
13,True,True,0.2465200469929799,0.3276747306036799,0.38530564308166504,0.620729923248291,0.4537321627140045,0.6774933222247472,0.8368774821243594,0.8109462396980016,0.20341042581660299,0.00030753610465180655,0.39924569854831393,0.0003218751752684171,2.806846470297446,7.316259384155273,5.0,2.1499041160568595,0.04753401968628168,1,0.00046616120605997506,0.07962082971399503,0.001009116521455027,0.0005247383965408978,0.0,0.20341042581660299,0.33640490013398505,0.22718873696649938,0.3382233684063583,1.0,0.8426023084994754,0.998058266179384,0.4254456966771409,0.060538349198206776,3.872906994523518e-10,3.2376950340418674e-08,7.288071762040127e-10,3.5119631577591313e-09,1.0,6.343208132660055e-08,2.7155033940245447e-10,0.9999999114373799
14,True,True,0.21130490687686523,0.28996395773927663,0.3639622926712036,0.6032928824424744,0.4287582337856293,0.6953580369351273,0.8366588193315281,0.8200385013489148,0.20423019787634783,0.0002898886718677465,0.39878457931631633,0.0002040763447899657,1.981765493390943,6.8864264488220215,5.0,2.1293895365670323,0.05054817348718643,1,0.00046616120605997506,0.07733832605785113,0.0008824148499612097,0.0004383109252904344,0.0,0.20423019787634783,0.33967784985290117,0.2282112171054512,0.3418423075928643,1.0,0.8517838405036726,0.99820030636202,0.448555682288387,0.048217665204721635,5.049697275694165e-10,2.996570320208398e-08,9.323080965278948e-10,4.011457891275827e-09,1.0,8.217300344260999e-08,3.6120572663238254e-10,0.9999999004295965
15,True,True,0.2109842417177286,0.2888726247601594,0.3674420416355133,0.6061699986457825,0.42655515670776367,0.6924454428314448,0.84501146859341,0.8288998012096326,0.20543457803796245,0.0003013082647219506,0.39827988217785126,0.00022393994807675747,1.950806347545772,10.109518051147461,5.0,2.1684910487383604,0.04969083424657583,1,0.00046616120605997506,0.07653129933028631,0.000912574443520034,0.0004445087120251741,0.0,0.20543457803796245,0.33883143806632643,0.22943151234829914,0.34128539084387477,1.0,0.8507345225603358,0.9912233709163205,0.44966667949965716,0.04328312689647595,8.293334277743949e-10,1.4391374651214662e-07,1.4413983558666649e-09,1.3140572352185473e-08,1.0,3.943465662998906e-07,6.264281334969569e-10,0.9999994606186186
16,True,True,0.20754757888638586,0.2853114838865346,0.3463119566440582,0.5884827375411987,0.4180860221385956,0.7101316370509376,0.8497586008055484,0.8349206847472304,0.20616908208833537,0.00015551099415550947,0.39725423903680424,0.0005553917274562861,1.9279278336642047,12.747858047485352,5.0,1.9478673627600074,0.055796499364078045,1,0.00046616120605997506,0.07647615779437524,0.0008451701268478729,0.00044257682558796044,0.0,0.20616908208833537,0.33910679160485363,0.23015767026297818,0.3417307461483906,1.0,0.853620146904512,0.9951812921390953,0.44667905425224824,0.042021509545297216,1.0379454767982186e-09,1.7485301978183177e-07,1.8180891061040362e-09,2.2102527427834007e-08,1.0,1.244610808669401e-06,7.822027577361336e-10,0.9999985687379948
17,True,True,0.20862139175095815,0.2868702056869505,0.36843597888946533,0.6069892644882202,0.4217092990875244,0.6916134905197286,0.8372455884226626,0.8277828212431718,0.20699875131796688,0.00020723362036524404,0.3963795013780484,9.747309036436845e-05,2.2452476287313425,7.596685886383057,5.0,2.070020136423409,0.0478080241009593,1,0.00046616120605997506,0.07689224976307447,0.0009312808522742031,0.0004252825892305125,0.0,0.20699875131796688,0.3369020422820905,0.23130851444580122,0.33972994600112894,1.0,0.8499475341028332,0.9972433001897517,0.4442519003296699,0.04349611100720208,9.156808115761865e-10,3.0884037826430034e-06,1.6850595718811393e-09,5.716473230599323e-07,1.0,0.0009331516114464794,6.84875774607151e-10,0.9990632001150317
18,True,True,0.19027287660778383,0.2660024482737308,0.34400475025177,0.586519181728363,0.40321698784828186,0.7120628123586861,0.8498657811113531,0.838256865752161,0.20769796585361205,0.00020807295841566864,0.3961875566280401,0.00019504045691013996,1.7976072725193948,4.965048789978027,5.0,2.147422802634537,0.05003325827419758,1,0.00046616120605997506,0.07458598420594634,0.0008420998041600121,0.0003014868245643817,0.0,0.20769796585361205,0.3301908993645955,0.23169837458936765,0.33330186829361813,1.0,0.833420776495278,0.9978597610094365,0.44465115763333013,0.025355854031609337,1.7773821624003576e-09,8.370088807574448e-18,3.2116492371004128e-09,7.704646277866269e-14,1.0,7.40483863786874e-15,1.389559520846586e-09,1.0
19,True,True,0.18575806047958943,0.2617753481126907,0.354865700006485,0.595706045627594,0.42316576838493347,0.702972028039033,0.8474368835542413,0.8311278724927477,0.20828857003141424,0.00020613300393365922,0.39595317912502026,0.0001005982569569827,1.659748821919012,5.409744739532471,5.0,2.1217757146805525,0.049718497321009636,1,0.00046616120605997506,0.07488211680590669,0.0007956038130953486,0.00033956678975852363,0.0,0.20828857003141424,0.3357089463648741,0.23200488725339002,0.3390101799184353,1.0,0.8478488982161595,0.9974385723862543,0.4457313285169171,0.029177702095551105,4.230890606730332e-09,1.538436504140893e-17,6.900483890949888e-09,9.349789006544436e-14,1.0,1.2869402431334939e-14,3.4056564125877336e-09,1.0
20,True,True,0.18173223323748688,0.25855660793866964,0.3408048152923584,0.5837848782539368,0.4039251208305359,0.7147411821243466,0.8490475518326263,0.8371252759709903,0.20865211977475837,0.00011369749935453258,0.395285884737343,0.0002099130762275467,1.8379930908257163,6.30719518661499,5.0,2.187847617082298,0.04975627828389406,1,0.00046616120605997506,0.07568383683985078,0.0008098566311593329,0.0003306797319514519,0.0,0.20865211977475837,0.33420945597658125,0.23260335904103385,0.3371360066492435,1.0,0.8454879328436516,0.9956243778701094,0.44232616760423027,0.03553233876558566,1.1159950715672334e-08,2.2283288817659054e-17,1.9609870223391546e-08,1.276922034322401e-13,0.9999999908685434,2.059911232657216e-14,9.874961109521122e-09,1.0
21,True,True,0.17817546127037637,0.25329934700088264,0.3361181318759918,0.5797569751739502,0.4049879312515259,0.7186640116430988,0.8544347720265123,0.8359232087418192,0.20919361991997407,0.00014516321055642133,0.395170146746,4.840879532562168e-05,1.8187466828545393,7.669867515563965,5.0,2.20306540094316,0.0489406893029809,1,0.00046616120605997506,0.07407047287614749,0.0007741587929197847,0.00027925492472790774,0.0,0.20919361991997407,0.33597749628024987,0.23314061402836728,0.3391415970585654,1.0,0.8502098635886673,0.9962648538577469,0.4440772556558111,0.02569709884751381,1.782679999350885e-08,4.7446061996963455e-17,3.20242543130757e-08,2.438295575421655e-13,0.9999999809865562,3.3298847484434193e-14,1.636441677898555e-08,1.0
22,True,True,0.17421048635700942,0.2495033159336038,0.34399962425231934,0.5865148305892944,0.41280242800712585,0.7120670980129145,0.8471020779643221,0.8324981016708235,0.20979328384742157,0.00023049182100221046,0.39493393444564634,0.0001935010744904177,1.696866409475881,8.853180885314941,5.0,2.0655213985592127,0.048578789457678795,1,0.00046616120605997506,0.07422782110142183,0.0007586309557794305,0.00030637578748617073,0.0,0.20979328384742157,0.33474111028508147,0.23379554250057696,0.33820287572124197,1.0,0.8475865687303253,0.9967613020698771,0.4404687908989185,0.029579431209459134,1.8654781696063205e-08,1.7367812116932925e-16,3.3800067211461534e-08,5.792996755591077e-13,0.999999978985141,8.894227336130016e-14,1.7958671151317254e-08,1.0
23,True,True,0.17764247430083885,0.2539562132963979,0.3319791257381439,0.5761762857437134,0.3986237943172455,0.7221284450462352,0.852549477478658,0.838613725384422,0.2104611484820545,0.00021745521577330954,0.39470175302666605,0.0001514058587956227,1.7498068739459747,5.23954963684082,5.0,2.1364872697740793,0.05020312685519457,1,0.00046616120605997506,0.07524333417939427,0.0007632865006976799,0.000307117225226332,0.0,0.2104611484820545,0.3365110782798915,0.23467406294340853,0.3404487403342256,1.0,0.8525708289611752,0.9981436254720498,0.4425720979947233,0.030505977406832002,2.2028511003643136e-08,1.2355911316108744e-17,4.169216652737084e-08,7.49088732693767e-14,0.9999999594713433,9.21222684480719e-15,2.2801464926033555e-08,1.0
24,True,True,0.17160322865058844,0.24694709207741436,0.3344994783401489,0.5783593058586121,0.41179028153419495,0.7200188676803172,0.8510340212586167,0.8349716327490372,0.2111036600183465,0.00017840921672099237,0.3945511962284196,0.0001537709841723166,1.5795092002292246,5.021108150482178,5.0,2.05953061953187,0.049743142910301685,1,0.00046616120605997506,0.0742977858273799,0.000711081757680254,0.00033499575050708724,0.0,0.2111036600183465,0.33690140136016256,0.2355758510256364,0.3411836436200117,1.0,0.8538824763903463,0.997996362346417,0.43591864136558767,0.03808219123393266,2.5955831936835764e-08,6.64574201778135e-17,4.975605521439609e-08,3.064259637864658e-13,0.9999999460868796,4.307529843607102e-14,2.762888629319403e-08,1.0
25,True,True,0.17335206417978624,0.2481366063058689,0.3337773084640503,0.577734649181366,0.4024064540863037,0.7206233561689781,0.8547289115806056,0.8403176322948875,0.21170270549287826,0.0002684932587662284,0.3940610203262641,0.0002853517291667196,1.7690307279698871,5.061493396759033,5.0,2.031175885349512,0.047947946935892105,1,0.00046616120605997506,0.07364227068351517,0.0007658759294496019,0.00037639503250768797,0.0,0.21170270549287826,0.332143563976568,0.23657545738180186,0.3366004788362717,1.0,0.8428646379853095,0.9980471987914439,0.43384497944980954,0.045015897339938944,3.1211483863555006e-08,8.10113037213194e-17,6.100467150489237e-08,3.0762910993417613e-13,0.9999999033066308,5.444097080565502e-14,3.5535206734255255e-08,1.0
26,True,True,0.1810453902511757,0.2569851203267497,0.35094115138053894,0.5924028754234314,0.4131060242652893,0.7062569389429261,0.8457275072111001,0.8367308855136968,0.2125465719641068,0.0004134480759805988,0.39256726100587397,0.0006715718979385318,1.745423678211,5.02865743637085,5.0,2.036997956223786,0.04889399092644453,1,0.00046616120605997506,0.07484350548930083,0.0007774221806998041,0.0003188019621445908,0.0,0.2125465719641068,0.3323256358394843,0.23770140000430384,0.33666498363330755,1.0,0.8465372507869885,0.99824329444519,0.45404350063358,0.02769016990475239,4.079249773320326e-08,1.7680757777452994e-17,7.793767635510559e-08,1.1084868194036039e-13,0.9999998651546547,1.39276997832865e-14,4.763046961762242e-08,1.0
27,True,True,0.1762702474302191,0.2515243442117355,0.34734728932380676,0.5893617868423462,0.4103987514972687,0.7092650596072105,0.853061262875007,0.8401458178923054,0.21364261113021207,0.0002145035942333527,0.39161778909837336,0.00021766387105684486,1.704669896102777,5.374654293060303,5.0,2.024576475843787,0.04975563660264015,1,0.00046616120605997506,0.07413232014568255,0.0008204976146192225,0.00030127874668272247,0.0,0.21364261113021207,0.3353189914511734,0.2390486638981298,0.3401464142554204,1.0,0.8562434417628542,0.9977741616720418,0.44707810340873344,0.0300031048866284,4.871393298491509e-08,1.8293926180730694e-16,9.634792113812282e-08,6.307270994018298e-13,0.9999998283786513,1.0964002303443076e-13,5.943711241291791e-08,1.0
28,True,True,0.1670044773929642,0.24122166691459362,0.3580518364906311,0.5983743071556091,0.4205164611339569,0.7003051820726268,0.8414597380412167,0.8346286375327763,0.21437066827841095,0.00018673247822123827,0.391564167183819,0.00019385581932925187,1.5078344089912343,4.401345729827881,5.0,2.0371270878240466,0.04814751073718071,1,0.00046616120605997506,0.07320804507955361,0.000705043203334846,0.00030410152892418427,0.0,0.21437066827841095,0.3312688967738797,0.23998419441681468,0.33647945316866085,1.0,0.8460125918153201,0.9982606562212156,0.43705101556692894,0.030552631089657327,4.285762606690331e-08,4.780920280688508e-16,8.58247207186389e-08,1.1644910881912403e-12,0.9999998591504092,2.428024771880651e-13,5.2583216609442354e-08,1.0
29,True,True,0.16982466747040265,0.2439463148587398,0.3276796340942383,0.5724330544471741,0.403082937002182,0.7257271688857173,0.852225117878862,0.8404540402587595,0.21508965318375595,0.00029480792299332165,0.3916236450201817,7.44131258739238e-05,1.93630743702211,5.3690948486328125,5.0,1.9224894512444735,0.04819581191986799,1,0.00046616120605997506,0.07307398141775151,0.0007521019426295642,0.0002955636026065089,0.0,0.21508965318375595,0.33460596075588356,0.2409516089329064,0.3403058825422309,1.0,0.8544071353620147,0.998086691215431,0.4405369268884689,0.029000953449657557,5.053536914852261e-08,3.325003509552101e-16,1.070866000384154e-07,8.787285883334744e-13,0.9999998017348123,2.134944209238171e-13,6.602388557945359e-08,1.0
30,True,True,0.15682091490450586,0.2305152517081808,0.3330800235271454,0.5771308541297913,0.4060716927051544,0.7212069883083851,0.8514051584936271,0.834797954849681,0.21560024617851595,0.00010953538679714451,0.3912021068373357,0.000207876810214203,1.456003240373177,4.0585174560546875,5.0,1.7955066375434399,0.04739312641322613,1,0.00046616120605997506,0.07272259003687005,0.0006662901645462585,0.00030545689490406823,0.0,0.21560024617851595,0.3367078827473199,0.24169023358434094,0.3425280182834437,1.0,0.8607030430220357,0.9980376915691532,0.4370136427353962,0.03050008730460564,6.352071665955507e-08,3.4293048792902925e-15,1.507005230215162e-07,5.249642137653604e-12,0.9999997201771451,1.526960039942301e-12,9.426468216563256e-08,1.0
31,True,True,0.15549557049370763,0.22851881394231183,0.34131690859794617,0.5842233300209045,0.4099825918674469,0.7143125706263609,0.8525163584947966,0.8369337457725373,0.21592473542827875,0.00011853922066478157,0.3907508986756784,0.00012822211390447043,1.4207647749909824,4.703318119049072,5.0,1.9360849326476455,0.04880084656178951,1,0.00046616120605997506,0.07206913214352799,0.0006800374435896107,0.000274073724884878,0.0,0.21592473542827875,0.33160527195910466,0.24187282215635775,0.3374239701664335,1.0,0.8486358866736621,0.9981024841947045,0.4462285028674795,0.025400545131434672,8.087165469089386e-08,1.756934989827459e-15,2.0760153386876814e-07,3.5177016619746765e-12,0.9999996123509042,9.147712242439921e-13,1.3421018954643316e-07,1.0
32,True,True,0.16059848494194487,0.23423586477763006,0.35411521792411804,0.595075786113739,0.4102862775325775,0.70360017914213,0.849818226481743,0.8418468922876743,0.21643946284637372,0.0002190270246224276,0.39023367202169373,0.00019999988025140873,1.6036125830563268,3.9730498790740967,5.0,1.9347576517611742,0.04946684557944536,1,0.00046616120605997506,0.07266704667582405,0.0006384622396149741,0.0003318717050265202,0.0,0.21643946284637372,0.33044960863442635,0.24246679563837562,0.3363168328406303,1.0,0.8467995802728226,0.9974952084945606,0.4306837501706006,0.03624514059592644,9.323602954399875e-08,2.5036673181307913e-15,2.3067604855808408e-07,4.71344367884857e-12,0.999999542551551,1.1934923284601225e-12,1.594977787582689e-07,1.0
33,True,True,0.15358065473695617,0.22740987371672863,0.3237311840057373,0.5689737796783447,0.3963663578033447,0.7290320767490679,0.8566610315505302,0.8363879275673716,0.21699918393761014,0.0001102190316544097,0.3895872325674559,0.00014485864705506842,1.4488221473233522,9.68493366241455,5.0,2.0334541387856007,0.04855342209339142,1,0.00046616120605997506,0.07288103825085311,0.0006703115819639684,0.0002778688857767605,0.0,0.21699918393761014,0.33521716426452086,0.24313390767836995,0.3414679395439492,1.0,0.8604407135362014,0.9976575747366843,0.44548934554253145,0.02915929293832649,8.693353229820971e-08,1.5555217310333472e-15,2.390570074459142e-07,3.2208940570355083e-12,0.9999995548102187,7.549413078346788e-13,1.535817062948239e-07,1.0
34,True,True,0.15843652508339814,0.2323680478778491,0.3266042470932007,0.5714929699897766,0.3998589515686035,0.7266272871383586,0.8543128380832699,0.8405379721534699,0.21758863231380238,0.00024226423085338568,0.38929656363734416,0.00029446310154423853,1.596600993795385,4.197879791259766,5.0,1.9919226979836822,0.047943138517439365,1,0.00046616120605997506,0.07289674655892979,0.0006840421391961556,0.000350734674416244,0.0,0.21758863231380238,0.32935255140472686,0.24399984527109553,0.3356730105494152,1.0,0.8460125918153201,0.9977711466652148,0.4390350006997648,0.038035818202673204,1.4266294871433712e-07,1.02073638642549e-14,4.917184322377803e-07,1.3306531699614334e-11,0.9999991281335276,3.9282818791497646e-12,2.683628456870549e-07,1.0
35,True,True,0.15513035209394077,0.22851967663041942,0.3591020107269287,0.5992512106895447,0.42205706238746643,0.6994261571194653,0.8494558440668372,0.8337570800914789,0.2181549540878218,0.0001646001195342235,0.3885532605685567,0.0001456472873290023,1.370022876315202,4.652127742767334,5.0,1.8749188715592027,0.05023158993571997,1,0.00046616120605997506,0.07244712525562375,0.0006516260811511783,0.00029057364554509933,0.0,0.2181549540878218,0.3242367008800647,0.24472358804059305,0.33057252882910426,1.0,0.8344700944386149,0.9983024642199809,0.43235261114421697,0.027674293436758916,1.2654212161508326e-07,9.134389562590574e-16,4.3024454735819297e-07,1.6828854286150665e-12,0.9999991918035469,3.7737779132972864e-13,2.790613143481052e-07,1.0
36,True,True,0.1557756806533209,0.2281660248700369,0.34710973501205444,0.5891602039337158,0.4107627272605896,0.7094638891732136,0.846890555558129,0.8327874654499225,0.21867062027907197,0.0001675026508963771,0.3881517858220047,0.00017100544807044564,1.4210691567107738,5.71821928024292,5.0,1.9574601966887712,0.0483993636444211,1,0.00046616120605997506,0.07149542389674052,0.0006185987798933424,0.00027632162446187414,0.0,0.21867062027907197,0.33123151421672026,0.24483121648540276,0.3379211001105974,1.0,0.8533578174186779,0.997920255658509,0.4272159575665485,0.02539039587705608,1.7927944051683754e-07,3.2014098172465394e-16,8.234250452675845e-07,9.065354187066679e-13,0.9999984455258749,1.8603365920432136e-13,5.741222960873381e-07,1.0
37,True,True,0.1558273125670514,0.22930328418175297,0.3299674391746521,0.5744279026985168,0.3982061445713043,0.723812264451454,0.8530491765963544,0.8369309505273758,0.21931670043238313,0.00017270865233149282,0.3874159082848528,0.00038109938994890566,1.4463180472443011,4.029604434967041,5.0,1.9919807966798544,0.04778340831398964,1,0.00046616120605997506,0.07253080869928112,0.0006612070842784344,0.00028395474477204937,0.0,0.21931670043238313,0.3304032289656612,0.2463910443960432,0.33727753487613993,1.0,0.8528331584470095,0.9982676341551173,0.43418968368051936,0.027919676909291608,1.4218665510933784e-07,1.3766257176685826e-15,5.888881275950553e-07,2.6246992025491435e-12,0.9999989976662779,5.96791233566137e-13,3.1010406020779456e-07,1.0
38,True,True,0.15054821058451065,0.22328797703587372,0.34372231364250183,0.5862783789634705,0.4058076739311218,0.7122992144037024,0.8484797535975729,0.8325251223740495,0.2198465050892965,0.0001918658726285644,0.38667356020381044,0.0003156137425870594,1.3795965896198157,5.731655597686768,5.0,2.0276170298457146,0.048875415697693825,1,0.00046616120605997506,0.0717493681762864,0.0007007637743942942,0.00028963429978042096,0.0,0.2198465050892965,0.32408972772508704,0.24693972319520907,0.3309408604535826,1.0,0.8381427072402938,0.9971960944368857,0.4479868078344391,0.028342013125154428,1.4906082433711918e-07,2.591133098073434e-16,4.806433979886445e-07,7.17288777958723e-13,0.9999991009893348,1.4478883677753866e-13,2.975309390976137e-07,1.0
39,True,True,0.15400051335332152,0.22708742453444042,0.33521604537963867,0.5789784789085388,0.40839794278144836,0.7194190738299013,0.851271292243923,0.8367519430272454,0.22028875200846013,0.00018830063039662804,0.386059039912469,0.0003142622270177777,1.4580901068130045,3.9581382274627686,5.0,1.8902386976405978,0.04996935836970806,1,0.00046616120605997506,0.07214593193870027,0.0006371947762044904,0.0003037839661581258,0.0,0.22028875200846013,0.32468483411752913,0.2472572276781138,0.33157971879742953,1.0,0.8410283315844701,0.996254034457652,0.4327797301793774,0.02926397645711148,3.823178072412395e-07,5.04973718302383e-16,3.6200064267219553e-06,9.503635763486433e-13,0.9999934733852134,2.3596670292476465e-13,2.5542735717489205e-06,1.0
40,True,True,0.15444858991399266,0.22762134319399988,0.3581869900226593,0.5984872579574585,0.41911664605140686,0.7001920591760546,0.8422500692927053,0.8319753162857868,0.22114758176293228,0.00025376238382252643,0.38522986581418095,0.00015711841996221023,1.5941042372212204,5.342018127441406,5.0,1.9967954568564892,0.04779511969536543,1,0.00046616120605997506,0.0722558117952444,0.0006454110519123993,0.0002715311252955711,0.0,0.22114758176293228,0.32439209788193357,0.24875185953732679,0.33157409285073014,1.0,0.842077649527807,0.9960841857373777,0.44051614937695976,0.020809951438671145,1.2853462734410632e-08,1.570186690921026e-15,1.336717530927962e-08,1.8586911747491945e-12,0.9999999954342716,5.834982145343188e-13,9.924550609335523e-09,1.0
41,True,True,0.15414272525503153,0.22725232957949293,0.33160915970802307,0.5758551359176636,0.39613544940948486,0.722438104636977,0.8574469437540148,0.8428018598445852,0.22206388513976855,0.00024745558688985247,0.38492973040934,0.00019912844588851767,1.5053976854272304,3.9047234058380127,5.0,1.8865312235429883,0.04847061727195978,1,0.00046616120605997506,0.07215249357434285,0.0006496395493328868,0.0003074710082056554,0.0,0.22206388513976855,0.32666623942624357,0.25005352248487545,0.3341746989790065,1.0,0.8486358866736621,0.9954134192071457,0.4295945246659946,0.030626245085365,1.62579475981896e-08,1.5744612958870156e-15,1.6813286378863707e-08,2.292142863524536e-12,0.9999999914939857,6.526955048300624e-13,1.2010881492603562e-08,1.0
42,True,True,0.15341082366783435,0.22580314532375786,0.32484355568885803,0.5699504613876343,0.4033578634262085,0.7281010258314125,0.8551829343957572,0.8447596495555693,0.2228137096790802,0.0002644112452398168,0.38472859134579007,0.0002785182022001101,1.4569488099589554,5.44415283203125,5.0,1.9576615430414677,0.04788363631814718,1,0.00046616120605997506,0.07144595319473605,0.000641535688624545,0.0003048309888119017,0.0,0.2228137096790802,0.3270968730714864,0.2514495561280506,0.33534379808499953,1.0,0.8502098635886673,0.9951190171687075,0.4403790839696606,0.026716859219644652,4.09590725603541e-08,3.2143759134334866e-15,3.973221362039236e-08,3.0597065730053405e-12,0.9999999254472859,9.72240437746298e-13,3.12186536805861e-08,1.0
43,True,True,0.15219033978574548,0.22517870066751963,0.3449263274669647,0.5873042941093445,0.4043826162815094,0.7112914382966062,0.8529852642966416,0.8424091838043241,0.2236040903788924,0.00031164301702003757,0.3846069426751712,0.00018703499057344696,1.6159175125274179,4.176965713500977,5.0,1.9104380263015628,0.04739693272858858,1,0.00046616120605997506,0.07203244287344741,0.0006796206378305657,0.00027629588760561647,0.0,0.2236040903788924,0.3266933971286946,0.2525549114125723,0.33579540446572637,1.0,0.8494228751311648,0.9952600318762588,0.4423009281018348,0.022618435096515562,2.3649165919962003e-08,5.25293356144911e-14,2.300498903697091e-08,2.6257629454255904e-11,0.999999971980188,1.1472448762283794e-11,1.768338170775035e-08,1.0
44,True,True,0.14661952959528,0.21924675546062705,0.3291322886943817,0.5737005472183228,0.40318769216537476,0.7245112863299165,0.8513065468712414,0.8383701663560328,0.22420788047383738,0.00017494127735455208,0.3845866043570159,0.00024224170745118956,1.3310199182906657,4.000003814697266,5.0,1.9087956948205829,0.04885793384164572,1,0.00046616120605997506,0.07172979036656844,0.0006446249413881587,0.000252810493533051,0.0,0.22420788047383738,0.32718001926808393,0.253441052540652,0.336639996496853,1.0,0.8507345225603358,0.9960259169121229,0.4482766377650678,0.01981633092430181,5.397636151632853e-08,2.2039951163689193e-14,5.3118472243591394e-08,1.3486726320538375e-11,0.9999998753493631,5.544055075740813e-12,4.520820106189778e-08,1.0
45,True,True,0.14244120570235855,0.21457492876387468,0.34636273980140686,0.5885258913040161,0.4140899181365967,0.710089124741392,0.8534169077555775,0.8400075837015946,0.2247477072952677,0.00011135237825145932,0.384001304507881,0.000122493680938572,1.330079907447819,3.744502544403076,5.0,1.8097534300759435,0.048123556189239025,1,0.00046616120605997506,0.07122783700017901,0.0006247959726144743,0.0002810893764957328,0.0,0.2247477072952677,0.32547377833289337,0.2541981159327288,0.3348916685531172,1.0,0.8475865687303253,0.9962548096307552,0.4355680854348046,0.027938617426601062,5.928022635671385e-08,3.1663363113466385e-13,5.5797943588172e-08,9.519252760077421e-11,0.9999998679066004,4.938937191924618e-11,5.01793344281041e-08,1.0
46,True,True,0.14344618804674647,0.2150689255278108,0.3189612030982971,0.564766526222229,0.39045965671539307,0.7330246563665195,0.8569054902843672,0.8462666221269363,0.2252391323306503,0.00026689879652103544,0.3831755141458882,0.0004338173172238707,1.3907986651687783,4.052656650543213,5.0,1.9870388470590115,0.04770402982831001,1,0.00046616120605997506,0.07074605611398238,0.0005977916244685196,0.00027888994866123094,0.0,0.2252391323306503,0.32427359674935075,0.2551571288989448,0.33375272702069997,1.0,0.8462749213011542,0.9965248903472677,0.4285407421596403,0.026223629548879884,1.3444488621100765e-07,4.452365912478639e-15,1.253381698170854e-07,3.905038109020209e-12,0.999999656006772,1.5303196747907357e-12,1.1147236026116951e-07,1.0
47,True,True,0.13532905179737498,0.20673224892064632,0.3313802182674408,0.5756563544273376,0.39275920391082764,0.7226297320748349,0.8519082981761343,0.8397754665433993,0.22609438679150745,0.00010156265540537635,0.3826031148871495,0.00035704777739392526,1.170228578611536,3.444923162460327,5.0,1.954930872656405,0.048213534988462925,1,0.00046616120605997506,0.07056775316791482,0.0005549817264924394,0.0002804614951452221,0.0,0.22609438679150745,0.32468740180807126,0.25659649050623523,0.334561706590002,1.0,0.8486358866736621,0.9971020939717888,0.4347243768095595,0.027170361925584946,1.8445182212112506e-07,1.1617635966579916e-13,1.8664504559314577e-07,4.281514130363079e-11,0.9999994748161573,2.572423394721221e-11,1.7604242707442253e-07,1.0
48,True,True,0.13570832040899697,0.20635284616339244,0.33813831210136414,0.5814965963363647,0.3968353271484375,0.71697312892356,0.849037878441042,0.8390694994254578,0.22641953883804028,0.00014145288217896044,0.3818940778594202,0.0001838604973068986,1.2609537499648953,3.4924628734588623,5.0,1.8817552849650383,0.048813359811902046,1,0.00046616120605997506,0.06983612169162737,0.0005432205952487491,0.00026518378356923147,0.0,0.22641953883804028,0.32689536893730525,0.25731444621511423,0.336971826874822,1.0,0.8559811122770199,0.9969909439432159,0.43438714992837413,0.023415966579008452,2.713122041043351e-07,1.533185094804025e-12,2.653456928887295e-07,3.098795806819133e-10,0.9999992163208824,2.3936502431988604e-10,2.7121874444995556e-07,0.9999999994996462
49,True,True,0.13812101406415636,0.20966145524448263,0.3297078311443329,0.5742018818855286,0.39411449432373047,0.7240295742047701,0.8562636282788348,0.8466850889625527,0.22723872041777324,0.00028458885422595907,0.38182259997566,0.0003399318464803064,1.321241969952178,4.9385809898376465,5.0,2.0006473436951637,0.048074292950332165,1,0.00046616120605997506,0.07063359364570125,0.0006086699547963647,0.00029817659171847363,0.0,0.22723872041777324,0.3267328740729865,0.25856309735137045,0.33722358841961103,1.0,0.8557187827911857,0.9955888443703667,0.437924585149771,0.028153346122436983,6.317533412071013e-07,8.277733147016645e-12,6.190264105437421e-07,1.3505217740782281e-09,0.9999981408104192,9.744738021756995e-10,6.146879350760898e-07,0.9999999979985849
50,True,True,0.13344040699107698,0.20477633683278704,0.33977654576301575,0.5829035639762878,0.4065884053707123,0.7156018906179076,0.8522776300917485,0.8389697278081667,0.22794563861921477,0.0002498806847564375,0.38064974546432495,0.00029650307276826265,1.3121667209727317,4.195612907409668,5.0,1.9606214854866266,0.047727773897349834,1,0.00046616120605997506,0.07048266481389248,0.0005927849451645795,0.0002604802494884761,0.0,0.22794563861921477,0.32093813355546935,0.25968616587918053,0.3315111789598295,1.0,0.8431269674711438,0.9979825246246514,0.447670185365807,0.020774598496282964,1.5401050860940792e-06,1.7902329395134689e-10,1.508407417784901e-06,1.2394104951347227e-08,0.9999955815008029,1.8705882049605486e-08,1.3630871958750966e-06,0.9999999689780653
51,True,True,0.1342754313626482,0.20533004779943265,0.34608420729637146,0.588289201259613,0.4095998704433441,0.710322265959614,0.8474559766274212,0.8331356784571511,0.2285761988613313,0.00024253174661232756,0.3796611062689818,0.00012954656256929388,1.3812462355382544,4.753234386444092,5.0,1.927729569375515,0.049253606237471104,1,0.00046616120605997506,0.07021631522530226,0.0005783028993462403,0.0002599987107332002,0.0,0.2285761988613313,0.3240874570726973,0.2611036924537807,0.33494917624644693,1.0,0.853620146904512,0.9981081607084085,0.4434342861707163,0.020304867417276967,1.7111821441566618e-06,4.287048102004724e-11,1.6134683212115821e-06,4.402695493513512e-09,0.999995204734402,5.351053010350875e-09,1.4625027357771007e-06,0.999999990493278
52,True,True,0.1298741459424323,0.20019488904433635,0.3265283703804016,0.5714266300201416,0.3956252932548523,0.7266907816278216,0.8551629416658333,0.8390934267240389,0.22916221862574815,0.0002546128749379761,0.37923122928375214,0.00014815977013328037,1.1569619656609837,3.128694534301758,5.0,1.9822775665670633,0.0483499001711607,1,0.00046616120605997506,0.06953062381349105,0.0005291612858049462,0.00026095846831514664,0.0,0.22916221862574815,0.32103299369091504,0.2618904360819213,0.3320575232020455,1.0,0.8465372507869885,0.9980257461854068,0.44012580575872945,0.023478083593960447,8.492922392945367e-07,5.126737383193375e-11,8.488068398607032e-07,5.500530752243233e-09,0.9999972809524376,6.082908606769494e-09,1.0151574740549353e-06,0.9999999894925705
53,True,True,0.12741562814802587,0.19758955163320238,0.3699360489845276,0.6082236766815186,0.41316190361976624,0.6903579246786582,0.8428529919882374,0.8275084027082018,0.22980481201679234,0.00024773422570038405,0.3787510777507974,0.00044426497376765645,1.1539923058977157,3.7600910663604736,5.0,1.9241457870230079,0.048565804958343506,1,0.00046616120605997506,0.06937359303923994,0.0005178104543468181,0.0002825204904662049,0.0,0.22980481201679234,0.32052708269416474,0.2626221058626365,0.33175903571239923,1.0,0.8462749213011542,0.9982647110257544,0.4406059195462454,0.025815255380971486,7.803197421281725e-07,7.27912539542661e-11,7.269132182118254e-07,6.635424875972912e-09,0.9999975941739078,8.67294083856951e-09,8.923290483062422e-07,0.9999999854897402
54,True,True,0.12932298868574038,0.20020036035826175,0.3416849672794342,0.5845382809638977,0.4000460207462311,0.7140045082229158,0.8505656510947898,0.8409071681343762,0.2306869620416247,0.00022353114937163012,0.37814390850092156,0.00032968783433303517,1.2580344952166018,7.657697677612305,5.0,1.9644476929679513,0.04761920962482691,1,0.00046616120605997506,0.07003884207836478,0.0005474700255916578,0.00029105996702475707,0.0,0.2306869620416247,0.3229903951834531,0.2642203919659882,0.33488455955779567,1.0,0.8541448058761805,0.9980363005230835,0.4373533225384739,0.026725152294383093,7.864235939926003e-07,2.48907904259917e-10,7.50432527911805e-07,3.578959206159108e-08,0.9999975806018113,3.712046369162034e-08,8.807103042654479e-07,0.9999999279490548
55,True,True,0.1282484551104018,0.19823657154474028,0.3798986077308655,0.6163591742515564,0.43983039259910583,0.6820191093828047,0.8394614638300427,0.8187715098921302,0.23142775233369808,0.00021180595526718133,0.37779782873510936,0.0003482792323613888,1.3479001261880241,5.2140021324157715,5.0,1.8869756674394011,0.04732274357229471,1,0.00046616120605997506,0.06919353313407893,0.0005256882800604828,0.00026889618743672296,0.0,0.23142775233369808,0.32328920346242057,0.26538301002066134,0.335661691577337,1.0,0.8557187827911857,0.9980199667239114,0.4423451033994509,0.023990140616080693,1.0403739734884258e-06,2.7750954392145748e-08,9.504654790476633e-07,2.253949188887277e-06,0.9999969639783141,5.880737944838861e-06,1.0441463425442429e-06,0.9999918387293941
56,True,True,0.12568757322627624,0.19647011232776382,0.349054217338562,0.590808093547821,0.4084893465042114,0.707836339686158,0.8483083967708925,0.8292239005686031,0.23242226483814363,9.99185367213339e-05,0.37740517632033116,0.00010936188334470467,1.2684330044613306,5.10345983505249,5.0,1.9593696780502796,0.04854418430477381,1,0.00046616120605997506,0.06999743134193787,0.000535936838632561,0.000249170652783211,0.0,0.23242226483814363,0.3207753282216263,0.26750298987405624,0.333325063819525,1.0,0.8499475341028332,0.9982475573969037,0.44507880882601425,0.019742537239040684,9.329854271960713e-07,4.2494667639349855e-14,8.731299732116723e-07,2.8987182334679724e-09,0.9999972417372096,5.093636396523708e-15,9.514063967675237e-07,0.9999999979985849
57,True,True,0.12457378520576551,0.19542568872007468,0.3477258086204529,0.5896828174591064,0.4094652235507965,0.7089482109238412,0.8459200202860155,0.8315349719980415,0.2329859287641231,0.0001753176654835483,0.3776238220748721,0.0002588968841830264,1.4121756411049073,4.288380146026611,5.0,1.9961891509592533,0.047901940532028675,1,0.00046616120605997506,0.07002947159729124,0.0005346631504151118,0.0002877683054727802,0.0,0.2329859287641231,0.322546397588936,0.2683736444270123,0.3357102303352336,1.0,0.8541448058761805,0.9985109234281502,0.44968401710234057,0.027638046018161652,9.705982503620253e-07,1.2060665974349472e-13,7.866567724368579e-07,5.858307918768247e-09,0.9999973730175342,1.2203851593923845e-14,8.711660287954604e-07,0.999999995496816
58,True,True,0.12711603259364807,0.1979436254654576,0.33139821887016296,0.5756719708442688,0.4012608826160431,0.722614665588096,0.8525308749891056,0.8395606426352683,0.23410937837388557,0.0002590500756035891,0.3767681610921998,0.00038594495498413365,1.5485307449809151,4.695789337158203,5.0,1.934470103122294,0.04853645991533995,1,0.00046616120605997506,0.06991560051094542,0.0005843694046225715,0.0003276216736230899,0.0,0.23410937837388557,0.31924734936180793,0.27024742651335965,0.33268317333173403,1.0,0.8473242392444911,0.9981437879619418,0.44797468939082696,0.035843010933176545,7.931328038126997e-07,8.349856132016367e-13,5.97725064929212e-07,1.7857445191080725e-08,0.9999978706193746,5.8472902214864e-14,7.463350547915305e-07,0.9999999834883251
59,True,True,0.11911751753245045,0.18924014775741138,0.37922000885009766,0.6158084273338318,0.42497631907463074,0.6825871098592496,0.8427611170577927,0.8282076239678205,0.2347733362617923,0.0002699957787843155,0.3753678451555098,0.00024154190705678177,1.210185566829109,4.67832088470459,5.0,1.9032452441751957,0.04832383245229721,1,0.00046616120605997506,0.0693538354901286,0.0004791804036083519,0.0002896147215756483,0.0,0.2347733362617923,0.3208139276079216,0.2715547079804812,0.33410282487759185,1.0,0.8546694648478489,0.9979685746360051,0.44488972081467587,0.029273334214344606,9.005079424544086e-07,5.354428432453268e-13,6.362328475231733e-07,1.428390717751752e-08,0.9999977019376044,4.2525397554970247e-14,7.711397300375842e-07,0.9999999864904477
60,True,True,0.11720773483873789,0.18725038877251515,0.3325154781341553,0.5766415596008301,0.4004741311073303,0.7216794953359995,0.8521007185898037,0.8388213934649399,0.23548653950095802,0.00018431837705063707,0.3751903580656082,0.00026511212175919574,1.2671475488016262,3.9681317806243896,5.0,1.9648091699928045,0.04845317453145981,1,0.00046616120605997506,0.06923373953164687,0.0005268744278305754,0.0002820399953222199,0.0,0.23548653950095802,0.3189912157881798,0.2727739115451841,0.33278687700144516,1.0,0.8502098635886673,0.9979402139579637,0.446816233560396,0.02789085318509329,8.657446199905401e-07,5.282090301321544e-12,6.397497295979963e-07,5.294473711311024e-08,0.9999977267051169,2.643045397038821e-13,7.67536205619234e-07,0.9999999479632062
61,True,True,0.11677862226509597,0.18690009012521253,0.3346364498138428,0.578477680683136,0.40337491035461426,0.7199042139166718,0.8536582200287632,0.8371866595547327,0.23636202476645066,0.00021297559660015536,0.37447322978553094,0.00012374943374591032,1.1888655206464145,3.434584617614746,5.0,1.955490912310779,0.0480349687859416,1,0.00046616120605997506,0.06934978606927933,0.0004979252663405822,0.00027375610922497444,0.0,0.23636202476645066,0.3195597461238113,0.2737451633839142,0.3336443009181388,1.0,0.8533578174186779,0.9979853359874874,0.4471423980571791,0.026461907380025008,8.481672300172417e-07,2.562023216717288e-11,6.506054691842557e-07,1.9749169317245565e-07,0.9999977779288357,1.0676433696348959e-12,7.20150441790181e-07,0.9999998028606083
