trial,val_mse,output_dir,lr,weight_decay,batch_size,dropout,window_size,drug_gate_init,joint_gate_init
0,0.2813169062137604,<BIO_PROJECT_ROOT>/mgca_hyperparameter_tuning/v10_unbounded_jointtune/outputs/unbounded_warm_hpo_wide_init_v2/tuning/KinetX/runs/1e66a62445b78628c86a27b1e6f1d575ec492ea12051d26cc71f47e62c083759/run1,2.3586399722419837e-05,0.001,16,0.17,4,0.1,0.01
1,0.30908748507499695,<BIO_PROJECT_ROOT>/mgca_hyperparameter_tuning/v10_unbounded_jointtune/outputs/unbounded_warm_hpo_wide_init_v2/tuning/KinetX/runs/99d16c873a422f9ac2db8a550005b9b954e37c83513830e7c5b5ed4cb63462cd/run1,2.2490163145920384e-05,1e-06,64,0.17,2,0.2,0.5
2,0.29263564944267273,<BIO_PROJECT_ROOT>/mgca_hyperparameter_tuning/v10_unbounded_jointtune/outputs/unbounded_warm_hpo_wide_init_v2/tuning/KinetX/runs/bc674e3d5abb916f3b55edc3147aafcfe779efe65f566089d5215d0765d0fa87/run1,1.5203716536014342e-05,0.001,16,0.25,4,0.2,0.2
3,0.31745973229408264,<BIO_PROJECT_ROOT>/mgca_hyperparameter_tuning/v10_unbounded_jointtune/outputs/unbounded_warm_hpo_wide_init_v2/tuning/KinetX/runs/89a266990fcdd498ee58229386c03f2b8cc4c2bcd158bee8fb8d97885b875437/run1,0.0004060886044221789,0.0001,64,0.25,4,0.2,0.01
4,0.3189612030982971,<BIO_PROJECT_ROOT>/mgca_hyperparameter_tuning/v10_unbounded_jointtune/outputs/unbounded_warm_hpo_wide_init_v2/tuning/KinetX/runs/9fe4a172c24c9e8669b2e9015dc5196c20e49ce6f980c6d942dc83cbb383d158/run1,0.00046616120605997506,0.01,32,0.1,6,0.2,0.4
5,0.3259829580783844,<BIO_PROJECT_ROOT>/mgca_hyperparameter_tuning/v10_unbounded_jointtune/outputs/unbounded_warm_hpo_wide_init_v2/tuning/KinetX/runs/14e0c9d77732ef99cb0274fe9d5ecdb8c2b061b08763a1436113e2a72d901f06/run1,0.0002812792856787038,0.0001,32,0.25,4,0.01,0.02
6,0.2963619828224182,<BIO_PROJECT_ROOT>/mgca_hyperparameter_tuning/v10_unbounded_jointtune/outputs/unbounded_warm_hpo_wide_init_v2/tuning/KinetX/runs/6175c00dd8bdb25e68c76a2e4cc97fb59b87998695fca869880c651f90fe51c5/run1,8.975265105423678e-05,1e-06,16,0.2,8,0.2,0.1
7,0.289522260427475,<BIO_PROJECT_ROOT>/mgca_hyperparameter_tuning/v10_unbounded_jointtune/outputs/unbounded_warm_hpo_wide_init_v2/tuning/KinetX/runs/92630a375776f1aa2f5322bce1182ce9e1033c31d8f1748f8933a2d3f57304f1/run1,3.656082725525343e-05,0.0001,16,0.1,2,0.5,0.4
8,0.3077647387981415,<BIO_PROJECT_ROOT>/mgca_hyperparameter_tuning/v10_unbounded_jointtune/outputs/unbounded_warm_hpo_wide_init_v2/tuning/KinetX/runs/67c14fb38728249b6c1087340ec4e26bb2b44099143a18d6abcc65ed81fd98b2/run1,1.1506162158498395e-05,0.0,64,0.3,6,0.5,0.1
9,0.32488152384757996,<BIO_PROJECT_ROOT>/mgca_hyperparameter_tuning/v10_unbounded_jointtune/outputs/unbounded_warm_hpo_wide_init_v2/tuning/KinetX/runs/eaf42f70f50b5142cb08deff1d0007040caf7455b5d93d819d1c25e82be2cf9d/run1,0.0001548485404787412,0.0,16,0.25,1,0.3,0.1
10,0.29580649733543396,<BIO_PROJECT_ROOT>/mgca_hyperparameter_tuning/v10_unbounded_jointtune/outputs/unbounded_warm_hpo_wide_init_v2/tuning/KinetX/runs/366767b6327ee134b6ebae2c0059260eb40e3caa09a06d45f3bac251f85f49ce/run1,4.302325800985752e-05,1e-05,16,0.17,1,0.1,0.01
11,0.3027268052101135,<BIO_PROJECT_ROOT>/mgca_hyperparameter_tuning/v10_unbounded_jointtune/outputs/unbounded_warm_hpo_wide_init_v2/tuning/KinetX/runs/681f04b15017492aafb92b396396c16c8b2ad7d9bd0457ea2b381c9fe40315d8/run1,3.600001048239355e-05,0.001,16,0.05,2,0.1,0.4
12,0.30748045444488525,<BIO_PROJECT_ROOT>/mgca_hyperparameter_tuning/v10_unbounded_jointtune/outputs/unbounded_warm_hpo_wide_init_v2/tuning/KinetX/runs/6ec5d429984895a92be730f786949b005d747bc59e47a5817a9ff630f17d0a85/run1,4.7997846537628314e-05,0.0001,16,0.15,2,0.05,0.3
13,0.2727300822734833,<BIO_PROJECT_ROOT>/mgca_hyperparameter_tuning/v10_unbounded_jointtune/outputs/unbounded_warm_hpo_wide_init_v2/tuning/KinetX/runs/fff1fba29643b61388ed594917af392c3cca719af191319001d6244b5fcc2134/run1,2.432667795899065e-05,0.001,16,0.1,8,0.4,0.05
14,0.27779528498649597,<BIO_PROJECT_ROOT>/mgca_hyperparameter_tuning/v10_unbounded_jointtune/outputs/unbounded_warm_hpo_wide_init_v2/tuning/KinetX/runs/419585c72a634bf5f8963904d94da111ddeb6ae433a9b4d52a06ef6d72c8349a/run1,1.934309709335361e-05,0.001,16,0.17,8,0.4,0.05
15,0.2998650372028351,<BIO_PROJECT_ROOT>/mgca_hyperparameter_tuning/v10_unbounded_jointtune/outputs/unbounded_warm_hpo_wide_init_v2/tuning/KinetX/runs/94eeefe0131e3284fb8c8ef0c570fdbfd61a2c6d1a41f8e98726f9027caa2e2a/run1,7.633080266636783e-05,0.001,32,0.1,8,0.4,0.05
16,0.2755467891693115,<BIO_PROJECT_ROOT>/mgca_hyperparameter_tuning/v10_unbounded_jointtune/outputs/unbounded_warm_hpo_wide_init_v2/tuning/KinetX/runs/1f46eda61cdc31b36d5667b917fb21d761d267dab634d540baf8637107667443/run1,2.0323874152042762e-05,0.001,16,0.05,8,0.4,0.05
17,0.29523682594299316,<BIO_PROJECT_ROOT>/mgca_hyperparameter_tuning/v10_unbounded_jointtune/outputs/unbounded_warm_hpo_wide_init_v2/tuning/KinetX/runs/bcff5233061a58160a7e342f894cec4faf3a09d6dc33da6894b83340b19d5ddc/run1,1.0662092234092634e-05,1e-05,16,0.05,8,0.02,0.05
18,0.31785720586776733,<BIO_PROJECT_ROOT>/mgca_hyperparameter_tuning/v10_unbounded_jointtune/outputs/unbounded_warm_hpo_wide_init_v2/tuning/KinetX/runs/f54ddc41a71cbf61d18e99cc72f70c5fea39e6bf83986a32c062291a76ddda8f/run1,2.7032032366040876e-05,0.01,64,0.05,8,0.4,0.05
19,0.3050132691860199,<BIO_PROJECT_ROOT>/mgca_hyperparameter_tuning/v10_unbounded_jointtune/outputs/unbounded_warm_hpo_wide_init_v2/tuning/KinetX/runs/a47bbfc499b98c27de807ae88def8b2f8fd98fa41b8ec9cbeb008d8a0a8f1f8b/run1,0.0001287760912038848,0.001,32,0.2,8,0.4,0.05
20,0.28646790981292725,<BIO_PROJECT_ROOT>/mgca_hyperparameter_tuning/v10_unbounded_jointtune/outputs/unbounded_warm_hpo_wide_init_v2/tuning/KinetX/runs/406cd6c05b9c3baa6265519a481d4d90cb2f5c1059815ca8598d7a47a30f760a/run1,1.5199303478096073e-05,0.001,16,0.3,8,0.4,0.3
21,0.28090664744377136,<BIO_PROJECT_ROOT>/mgca_hyperparameter_tuning/v10_unbounded_jointtune/outputs/unbounded_warm_hpo_wide_init_v2/tuning/KinetX/runs/a270d5e828d674c9eadaee5374eaa9156539ae41e5b502911772caf89f859885/run1,1.819956651734253e-05,0.001,16,0.15,8,0.4,0.05
22,0.29917848110198975,<BIO_PROJECT_ROOT>/mgca_hyperparameter_tuning/v10_unbounded_jointtune/outputs/unbounded_warm_hpo_wide_init_v2/tuning/KinetX/runs/84564d6d051aa22c8bd402b9dfe7fd74e9f178133be23323263e21885f09a2f1/run1,5.636504395660172e-05,0.001,16,0.1,8,0.4,0.05
23,0.27820590138435364,<BIO_PROJECT_ROOT>/mgca_hyperparameter_tuning/v10_unbounded_jointtune/outputs/unbounded_warm_hpo_wide_init_v2/tuning/KinetX/runs/c5cb907976b967e70459041fba426dc9494f6c9562372252645d551c04bddc64/run1,2.824620923240468e-05,0.001,16,0.17,8,0.4,0.05
24,0.3199339210987091,<BIO_PROJECT_ROOT>/mgca_hyperparameter_tuning/v10_unbounded_jointtune/outputs/unbounded_warm_hpo_wide_init_v2/tuning/KinetX/runs/75412a3dd01c9406e9dec3408dc1689295cfb6934b6f961456e9bdc5dff4fdcf/run1,1.707155406989251e-05,0.001,16,0.05,8,0.05,0.5
25,0.2984846532344818,<BIO_PROJECT_ROOT>/mgca_hyperparameter_tuning/v10_unbounded_jointtune/outputs/unbounded_warm_hpo_wide_init_v2/tuning/KinetX/runs/018e44040811414365405605eccd882e86aed2d6e26138fb7cc99ea9b92178f2/run1,1.0060901224400554e-05,0.001,16,0.05,8,0.3,0.02
26,0.3165838420391083,<BIO_PROJECT_ROOT>/mgca_hyperparameter_tuning/v10_unbounded_jointtune/outputs/unbounded_warm_hpo_wide_init_v2/tuning/KinetX/runs/b3a2a617639f0614af402459fda761d62e5f521fd208b6dc59b7057c52623f20/run1,3.417407041104207e-05,0.0,16,0.17,1,0.02,0.2
27,0.3170543611049652,<BIO_PROJECT_ROOT>/mgca_hyperparameter_tuning/v10_unbounded_jointtune/outputs/unbounded_warm_hpo_wide_init_v2/tuning/KinetX/runs/7494372aaf4b0b8b6a00234c2f3d1bfe96d92ee652fcb411e644a34dca42fb53/run1,2.005177624734194e-05,1e-06,32,0.1,6,0.01,0.05
28,0.3155387341976166,<BIO_PROJECT_ROOT>/mgca_hyperparameter_tuning/v10_unbounded_jointtune/outputs/unbounded_warm_hpo_wide_init_v2/tuning/KinetX/runs/cdf3ec96fdc7338e5ee4ca58a04fb22ff757b90c0391037c07573ac88dfc192f/run1,1.3188366241673005e-05,0.01,64,0.15,8,0.4,0.05
29,0.2799895703792572,<BIO_PROJECT_ROOT>/mgca_hyperparameter_tuning/v10_unbounded_jointtune/outputs/unbounded_warm_hpo_wide_init_v2/tuning/KinetX/runs/c9404d6d55835b0e46741f69ad1f411714554c0727e138a06bd4a21a4b615d37/run1,2.3836232013589212e-05,0.001,16,0.17,8,0.4,0.05
