training_dataset,seed,compound_id,canonical_smiles,representative_smiles,observed_pkoff,observed_pkoff_sd,n_measurements,source,predicted_pkoff,checkpoint_sha256
2773,42,dpp4_01,N[C@H]1C[C@@H](N2CC3=C(C2)CS(=O)(=O)C3)CO[C@@H]1c1cc(F)ccc1F,N[C@H]1C[C@@H](N2CC3=C(C2)CS(=O)(=O)C3)CO[C@@H]1c1cc(F)ccc1F,3.49485,0.0,1,10.1093/nar/gkw1074,2.1351730823516846,fd63aa48c21ada4faba6977bc08f6b765c5964fd2a133a01c1d27b42327ac8de
2773,42,dpp4_02,N#C[C@@H]1C[C@@H]2C[C@@H]2N1C(=O)[C@@H](N)C12CC3CC(CC(O)(C3)C1)C2,N#C[C@@H]1C[C@@H]2C[C@@H]2N1C(=O)[C@@H](N)C12CC3CC(CC(O)(C3)C1)C2,3.813603142857143,0.5411620419496759,7,10.1093/nar/gkw1074,2.348203182220459,fd63aa48c21ada4faba6977bc08f6b765c5964fd2a133a01c1d27b42327ac8de
2773,42,dpp4_03,N#C[C@@H]1C[C@@H]2C[C@@H]2N1C(=O)[C@@H](N)C12CC3CC(O)(CC(O)(C3)C1)C2,N#C[C@@H]1C[C@@H]2C[C@@H]2N1C(=O)[C@@H](N)C12CC3CC(O)(CC(O)(C3)C1)C2,3.30103,0.0,1,10.1093/nar/gkw1074,2.327054262161255,fd63aa48c21ada4faba6977bc08f6b765c5964fd2a133a01c1d27b42327ac8de
2773,42,dpp4_04,N#C[C@@H]1CCCN1C(=O)CNC12CC3CC(CC(O)(C3)C1)C2,N#C[C@@H]1CCCN1C(=O)CNC12CC3CC(CC(O)(C3)C1)C2,3.2947284999999997,0.5755505683919404,8,10.1093/nar/gkw1074,2.487783908843994,fd63aa48c21ada4faba6977bc08f6b765c5964fd2a133a01c1d27b42327ac8de
2773,42,dpp4_05,Cn1c(=O)cc(N2CCC[C@@H](N)C2)n(Cc2cc(F)ccc2C#N)c1=O,Cn1c(=O)cc(N2CCC[C@@H](N)C2)n(Cc2cc(F)ccc2C#N)c1=O,3.39794,0.0,1,10.1093/nar/gkw1074,2.4954187870025635,fd63aa48c21ada4faba6977bc08f6b765c5964fd2a133a01c1d27b42327ac8de
2773,42,dpp4_06,N[C@@H](CC(=O)N1CCn2c(nnc2C(F)(F)F)C1)Cc1cc(F)c(F)cc1F,N[C@@H](CC(=O)N1CCn2c(nnc2C(F)(F)F)C1)Cc1cc(F)c(F)cc1F,1.6180956666666664,0.36151075780443015,3,10.1093/nar/gkw1074,2.223867654800415,fd63aa48c21ada4faba6977bc08f6b765c5964fd2a133a01c1d27b42327ac8de
2773,42,dpp4_07,COc1cc2ccc3c(c2cc1OC)C[C@H](N)[C@@H](c1cc(F)c(F)cc1F)O3,COc1cc2ccc3c(c2cc1OC)C[C@H](N)[C@@H](c1cc(F)c(F)cc1F)O3,2.464706,0.0,2,10.1093/nar/gkw1074,2.2251901626586914,fd63aa48c21ada4faba6977bc08f6b765c5964fd2a133a01c1d27b42327ac8de
2773,42,dpp4_08,COc1cc2c3c(ccc2cc1S(C)(=O)=O)O[C@H](c1cc(F)c(F)cc1F)[C@@H](N)C3,COc1cc2c3c(ccc2cc1S(C)(=O)=O)O[C@H](c1cc(F)c(F)cc1F)[C@@H](N)C3,1.170053,0.0,1,10.1093/nar/gkw1074,2.2039506435394287,fd63aa48c21ada4faba6977bc08f6b765c5964fd2a133a01c1d27b42327ac8de
2773,42,dpp4_09,CS(=O)(=O)n1cc2c(n1)CN([C@H]1CO[C@H](c3cc(F)ccc3F)[C@@H](N)C1)C2,CS(=O)(=O)n1cc2c(n1)CN([C@H]1CO[C@H](c3cc(F)ccc3F)[C@@H](N)C1)C2,3.149354,0.0,2,10.1093/nar/gkw1074,2.3521687984466553,fd63aa48c21ada4faba6977bc08f6b765c5964fd2a133a01c1d27b42327ac8de
2773,42,dpp4_10,Cc1cc(N2CCN([C@@H]3CN[C@H](C(=O)N4CCSC4)C3)CC2)n(-c2ccccc2)n1,Cc1cc(N2CCN([C@@H]3CN[C@H](C(=O)N4CCSC4)C3)CC2)n(-c2ccccc2)n1,3.585027,0.0,1,10.1093/nar/gkw1074,2.1843512058258057,fd63aa48c21ada4faba6977bc08f6b765c5964fd2a133a01c1d27b42327ac8de
2773,42,dpp4_11,Cn1c(=O)cc(N2CCC[C@@H](N)C2)n(Cc2ccccc2C#N)c1=O,Cn1c(=O)cc(N2CCC[C@@H](N)C2)n(Cc2ccccc2C#N)c1=O,2.508638,0.0,1,10.1093/nar/gkw1074,2.7131686210632324,fd63aa48c21ada4faba6977bc08f6b765c5964fd2a133a01c1d27b42327ac8de
2773,42,dpp4_12,CC#CCn1c(N2CCC[C@@H](N)C2)nc2c1c(=O)n(Cc1nc(C)c3ccccc3n1)c(=O)n2C,CC#CCn1c(N2CCC[C@@H](N)C2)nc2c1c(=O)n(Cc1nc(C)c3ccccc3n1)c(=O)n2C,4.4076545,0.16295205061765816,2,10.1093/nar/gkw1074,2.368680000305176,fd63aa48c21ada4faba6977bc08f6b765c5964fd2a133a01c1d27b42327ac8de
2773,42,dpp4_13,Cn1c(=O)c2c(nc(N3CCCC(N)C3)n2Cc2ccccc2)n(C)c1=O,Cn1c(=O)c2c(nc(N3CCCC(N)C3)n2Cc2ccccc2)n(C)c1=O,1.19382,0.0,1,10.1093/nar/gkw1074,2.6591291427612305,fd63aa48c21ada4faba6977bc08f6b765c5964fd2a133a01c1d27b42327ac8de
2773,42,dpp4_14,CC(C)=CCn1c(N2CCC[C@H](N)C2)nc2c1c(=O)n(CC(=O)c1ccccc1)c(=O)n2C,CC(C)=CCn1c(N2CCC[C@H](N)C2)nc2c1c(=O)n(CC(=O)c1ccccc1)c(=O)n2C,2.730487,0.0,1,10.1093/nar/gkw1074,2.6150033473968506,fd63aa48c21ada4faba6977bc08f6b765c5964fd2a133a01c1d27b42327ac8de
2773,42,dpp4_15,COc1cc2c3c(ccc2cc1C#N)O[C@H](c1cc(F)c(F)cc1F)[C@@H](N)C3,COc1cc2c3c(ccc2cc1C#N)O[C@H](c1cc(F)c(F)cc1F)[C@@H](N)C3,2.640165,0.0,1,10.1093/nar/gkw1074,2.273021936416626,fd63aa48c21ada4faba6977bc08f6b765c5964fd2a133a01c1d27b42327ac8de
2773,142,dpp4_01,N[C@H]1C[C@@H](N2CC3=C(C2)CS(=O)(=O)C3)CO[C@@H]1c1cc(F)ccc1F,N[C@H]1C[C@@H](N2CC3=C(C2)CS(=O)(=O)C3)CO[C@@H]1c1cc(F)ccc1F,3.49485,0.0,1,10.1093/nar/gkw1074,2.0281336307525635,b07b1f2a2663b1f43e2f640981daca2e974fa076974601341733f8efb8eba26e
2773,142,dpp4_02,N#C[C@@H]1C[C@@H]2C[C@@H]2N1C(=O)[C@@H](N)C12CC3CC(CC(O)(C3)C1)C2,N#C[C@@H]1C[C@@H]2C[C@@H]2N1C(=O)[C@@H](N)C12CC3CC(CC(O)(C3)C1)C2,3.813603142857143,0.5411620419496759,7,10.1093/nar/gkw1074,2.3191750049591064,b07b1f2a2663b1f43e2f640981daca2e974fa076974601341733f8efb8eba26e
2773,142,dpp4_03,N#C[C@@H]1C[C@@H]2C[C@@H]2N1C(=O)[C@@H](N)C12CC3CC(O)(CC(O)(C3)C1)C2,N#C[C@@H]1C[C@@H]2C[C@@H]2N1C(=O)[C@@H](N)C12CC3CC(O)(CC(O)(C3)C1)C2,3.30103,0.0,1,10.1093/nar/gkw1074,2.326047658920288,b07b1f2a2663b1f43e2f640981daca2e974fa076974601341733f8efb8eba26e
2773,142,dpp4_04,N#C[C@@H]1CCCN1C(=O)CNC12CC3CC(CC(O)(C3)C1)C2,N#C[C@@H]1CCCN1C(=O)CNC12CC3CC(CC(O)(C3)C1)C2,3.2947284999999997,0.5755505683919404,8,10.1093/nar/gkw1074,2.613912582397461,b07b1f2a2663b1f43e2f640981daca2e974fa076974601341733f8efb8eba26e
2773,142,dpp4_05,Cn1c(=O)cc(N2CCC[C@@H](N)C2)n(Cc2cc(F)ccc2C#N)c1=O,Cn1c(=O)cc(N2CCC[C@@H](N)C2)n(Cc2cc(F)ccc2C#N)c1=O,3.39794,0.0,1,10.1093/nar/gkw1074,2.0339760780334473,b07b1f2a2663b1f43e2f640981daca2e974fa076974601341733f8efb8eba26e
2773,142,dpp4_06,N[C@@H](CC(=O)N1CCn2c(nnc2C(F)(F)F)C1)Cc1cc(F)c(F)cc1F,N[C@@H](CC(=O)N1CCn2c(nnc2C(F)(F)F)C1)Cc1cc(F)c(F)cc1F,1.6180956666666664,0.36151075780443015,3,10.1093/nar/gkw1074,2.359816789627075,b07b1f2a2663b1f43e2f640981daca2e974fa076974601341733f8efb8eba26e
2773,142,dpp4_07,COc1cc2ccc3c(c2cc1OC)C[C@H](N)[C@@H](c1cc(F)c(F)cc1F)O3,COc1cc2ccc3c(c2cc1OC)C[C@H](N)[C@@H](c1cc(F)c(F)cc1F)O3,2.464706,0.0,2,10.1093/nar/gkw1074,2.0790317058563232,b07b1f2a2663b1f43e2f640981daca2e974fa076974601341733f8efb8eba26e
2773,142,dpp4_08,COc1cc2c3c(ccc2cc1S(C)(=O)=O)O[C@H](c1cc(F)c(F)cc1F)[C@@H](N)C3,COc1cc2c3c(ccc2cc1S(C)(=O)=O)O[C@H](c1cc(F)c(F)cc1F)[C@@H](N)C3,1.170053,0.0,1,10.1093/nar/gkw1074,2.1598246097564697,b07b1f2a2663b1f43e2f640981daca2e974fa076974601341733f8efb8eba26e
2773,142,dpp4_09,CS(=O)(=O)n1cc2c(n1)CN([C@H]1CO[C@H](c3cc(F)ccc3F)[C@@H](N)C1)C2,CS(=O)(=O)n1cc2c(n1)CN([C@H]1CO[C@H](c3cc(F)ccc3F)[C@@H](N)C1)C2,3.149354,0.0,2,10.1093/nar/gkw1074,1.7681312561035156,b07b1f2a2663b1f43e2f640981daca2e974fa076974601341733f8efb8eba26e
2773,142,dpp4_10,Cc1cc(N2CCN([C@@H]3CN[C@H](C(=O)N4CCSC4)C3)CC2)n(-c2ccccc2)n1,Cc1cc(N2CCN([C@@H]3CN[C@H](C(=O)N4CCSC4)C3)CC2)n(-c2ccccc2)n1,3.585027,0.0,1,10.1093/nar/gkw1074,1.9799268245697021,b07b1f2a2663b1f43e2f640981daca2e974fa076974601341733f8efb8eba26e
2773,142,dpp4_11,Cn1c(=O)cc(N2CCC[C@@H](N)C2)n(Cc2ccccc2C#N)c1=O,Cn1c(=O)cc(N2CCC[C@@H](N)C2)n(Cc2ccccc2C#N)c1=O,2.508638,0.0,1,10.1093/nar/gkw1074,2.339829921722412,b07b1f2a2663b1f43e2f640981daca2e974fa076974601341733f8efb8eba26e
2773,142,dpp4_12,CC#CCn1c(N2CCC[C@@H](N)C2)nc2c1c(=O)n(Cc1nc(C)c3ccccc3n1)c(=O)n2C,CC#CCn1c(N2CCC[C@@H](N)C2)nc2c1c(=O)n(Cc1nc(C)c3ccccc3n1)c(=O)n2C,4.4076545,0.16295205061765816,2,10.1093/nar/gkw1074,2.34352707862854,b07b1f2a2663b1f43e2f640981daca2e974fa076974601341733f8efb8eba26e
2773,142,dpp4_13,Cn1c(=O)c2c(nc(N3CCCC(N)C3)n2Cc2ccccc2)n(C)c1=O,Cn1c(=O)c2c(nc(N3CCCC(N)C3)n2Cc2ccccc2)n(C)c1=O,1.19382,0.0,1,10.1093/nar/gkw1074,2.490443468093872,b07b1f2a2663b1f43e2f640981daca2e974fa076974601341733f8efb8eba26e
2773,142,dpp4_14,CC(C)=CCn1c(N2CCC[C@H](N)C2)nc2c1c(=O)n(CC(=O)c1ccccc1)c(=O)n2C,CC(C)=CCn1c(N2CCC[C@H](N)C2)nc2c1c(=O)n(CC(=O)c1ccccc1)c(=O)n2C,2.730487,0.0,1,10.1093/nar/gkw1074,2.3180127143859863,b07b1f2a2663b1f43e2f640981daca2e974fa076974601341733f8efb8eba26e
2773,142,dpp4_15,COc1cc2c3c(ccc2cc1C#N)O[C@H](c1cc(F)c(F)cc1F)[C@@H](N)C3,COc1cc2c3c(ccc2cc1C#N)O[C@H](c1cc(F)c(F)cc1F)[C@@H](N)C3,2.640165,0.0,1,10.1093/nar/gkw1074,2.020393133163452,b07b1f2a2663b1f43e2f640981daca2e974fa076974601341733f8efb8eba26e
2773,242,dpp4_01,N[C@H]1C[C@@H](N2CC3=C(C2)CS(=O)(=O)C3)CO[C@@H]1c1cc(F)ccc1F,N[C@H]1C[C@@H](N2CC3=C(C2)CS(=O)(=O)C3)CO[C@@H]1c1cc(F)ccc1F,3.49485,0.0,1,10.1093/nar/gkw1074,2.0979080200195312,ae9fe000d481b81bbb5ef98718aaa550784ff67131a466d21993e95b41f14e9f
2773,242,dpp4_02,N#C[C@@H]1C[C@@H]2C[C@@H]2N1C(=O)[C@@H](N)C12CC3CC(CC(O)(C3)C1)C2,N#C[C@@H]1C[C@@H]2C[C@@H]2N1C(=O)[C@@H](N)C12CC3CC(CC(O)(C3)C1)C2,3.813603142857143,0.5411620419496759,7,10.1093/nar/gkw1074,2.419593095779419,ae9fe000d481b81bbb5ef98718aaa550784ff67131a466d21993e95b41f14e9f
2773,242,dpp4_03,N#C[C@@H]1C[C@@H]2C[C@@H]2N1C(=O)[C@@H](N)C12CC3CC(O)(CC(O)(C3)C1)C2,N#C[C@@H]1C[C@@H]2C[C@@H]2N1C(=O)[C@@H](N)C12CC3CC(O)(CC(O)(C3)C1)C2,3.30103,0.0,1,10.1093/nar/gkw1074,2.409724235534668,ae9fe000d481b81bbb5ef98718aaa550784ff67131a466d21993e95b41f14e9f
2773,242,dpp4_04,N#C[C@@H]1CCCN1C(=O)CNC12CC3CC(CC(O)(C3)C1)C2,N#C[C@@H]1CCCN1C(=O)CNC12CC3CC(CC(O)(C3)C1)C2,3.2947284999999997,0.5755505683919404,8,10.1093/nar/gkw1074,2.6147444248199463,ae9fe000d481b81bbb5ef98718aaa550784ff67131a466d21993e95b41f14e9f
2773,242,dpp4_05,Cn1c(=O)cc(N2CCC[C@@H](N)C2)n(Cc2cc(F)ccc2C#N)c1=O,Cn1c(=O)cc(N2CCC[C@@H](N)C2)n(Cc2cc(F)ccc2C#N)c1=O,3.39794,0.0,1,10.1093/nar/gkw1074,2.0330488681793213,ae9fe000d481b81bbb5ef98718aaa550784ff67131a466d21993e95b41f14e9f
2773,242,dpp4_06,N[C@@H](CC(=O)N1CCn2c(nnc2C(F)(F)F)C1)Cc1cc(F)c(F)cc1F,N[C@@H](CC(=O)N1CCn2c(nnc2C(F)(F)F)C1)Cc1cc(F)c(F)cc1F,1.6180956666666664,0.36151075780443015,3,10.1093/nar/gkw1074,2.2238705158233643,ae9fe000d481b81bbb5ef98718aaa550784ff67131a466d21993e95b41f14e9f
2773,242,dpp4_07,COc1cc2ccc3c(c2cc1OC)C[C@H](N)[C@@H](c1cc(F)c(F)cc1F)O3,COc1cc2ccc3c(c2cc1OC)C[C@H](N)[C@@H](c1cc(F)c(F)cc1F)O3,2.464706,0.0,2,10.1093/nar/gkw1074,2.331254720687866,ae9fe000d481b81bbb5ef98718aaa550784ff67131a466d21993e95b41f14e9f
2773,242,dpp4_08,COc1cc2c3c(ccc2cc1S(C)(=O)=O)O[C@H](c1cc(F)c(F)cc1F)[C@@H](N)C3,COc1cc2c3c(ccc2cc1S(C)(=O)=O)O[C@H](c1cc(F)c(F)cc1F)[C@@H](N)C3,1.170053,0.0,1,10.1093/nar/gkw1074,2.1973235607147217,ae9fe000d481b81bbb5ef98718aaa550784ff67131a466d21993e95b41f14e9f
2773,242,dpp4_09,CS(=O)(=O)n1cc2c(n1)CN([C@H]1CO[C@H](c3cc(F)ccc3F)[C@@H](N)C1)C2,CS(=O)(=O)n1cc2c(n1)CN([C@H]1CO[C@H](c3cc(F)ccc3F)[C@@H](N)C1)C2,3.149354,0.0,2,10.1093/nar/gkw1074,1.9875112771987915,ae9fe000d481b81bbb5ef98718aaa550784ff67131a466d21993e95b41f14e9f
2773,242,dpp4_10,Cc1cc(N2CCN([C@@H]3CN[C@H](C(=O)N4CCSC4)C3)CC2)n(-c2ccccc2)n1,Cc1cc(N2CCN([C@@H]3CN[C@H](C(=O)N4CCSC4)C3)CC2)n(-c2ccccc2)n1,3.585027,0.0,1,10.1093/nar/gkw1074,2.1574313640594482,ae9fe000d481b81bbb5ef98718aaa550784ff67131a466d21993e95b41f14e9f
2773,242,dpp4_11,Cn1c(=O)cc(N2CCC[C@@H](N)C2)n(Cc2ccccc2C#N)c1=O,Cn1c(=O)cc(N2CCC[C@@H](N)C2)n(Cc2ccccc2C#N)c1=O,2.508638,0.0,1,10.1093/nar/gkw1074,2.233325242996216,ae9fe000d481b81bbb5ef98718aaa550784ff67131a466d21993e95b41f14e9f
2773,242,dpp4_12,CC#CCn1c(N2CCC[C@@H](N)C2)nc2c1c(=O)n(Cc1nc(C)c3ccccc3n1)c(=O)n2C,CC#CCn1c(N2CCC[C@@H](N)C2)nc2c1c(=O)n(Cc1nc(C)c3ccccc3n1)c(=O)n2C,4.4076545,0.16295205061765816,2,10.1093/nar/gkw1074,1.9067857265472412,ae9fe000d481b81bbb5ef98718aaa550784ff67131a466d21993e95b41f14e9f
2773,242,dpp4_13,Cn1c(=O)c2c(nc(N3CCCC(N)C3)n2Cc2ccccc2)n(C)c1=O,Cn1c(=O)c2c(nc(N3CCCC(N)C3)n2Cc2ccccc2)n(C)c1=O,1.19382,0.0,1,10.1093/nar/gkw1074,2.284306049346924,ae9fe000d481b81bbb5ef98718aaa550784ff67131a466d21993e95b41f14e9f
2773,242,dpp4_14,CC(C)=CCn1c(N2CCC[C@H](N)C2)nc2c1c(=O)n(CC(=O)c1ccccc1)c(=O)n2C,CC(C)=CCn1c(N2CCC[C@H](N)C2)nc2c1c(=O)n(CC(=O)c1ccccc1)c(=O)n2C,2.730487,0.0,1,10.1093/nar/gkw1074,2.2516424655914307,ae9fe000d481b81bbb5ef98718aaa550784ff67131a466d21993e95b41f14e9f
2773,242,dpp4_15,COc1cc2c3c(ccc2cc1C#N)O[C@H](c1cc(F)c(F)cc1F)[C@@H](N)C3,COc1cc2c3c(ccc2cc1C#N)O[C@H](c1cc(F)c(F)cc1F)[C@@H](N)C3,2.640165,0.0,1,10.1093/nar/gkw1074,2.1743669509887695,ae9fe000d481b81bbb5ef98718aaa550784ff67131a466d21993e95b41f14e9f
2773,342,dpp4_01,N[C@H]1C[C@@H](N2CC3=C(C2)CS(=O)(=O)C3)CO[C@@H]1c1cc(F)ccc1F,N[C@H]1C[C@@H](N2CC3=C(C2)CS(=O)(=O)C3)CO[C@@H]1c1cc(F)ccc1F,3.49485,0.0,1,10.1093/nar/gkw1074,2.269016981124878,0794921c796ddbc878db48496780363fbc3a6e21eb11639b6ba5e5e4ceaa121b
2773,342,dpp4_02,N#C[C@@H]1C[C@@H]2C[C@@H]2N1C(=O)[C@@H](N)C12CC3CC(CC(O)(C3)C1)C2,N#C[C@@H]1C[C@@H]2C[C@@H]2N1C(=O)[C@@H](N)C12CC3CC(CC(O)(C3)C1)C2,3.813603142857143,0.5411620419496759,7,10.1093/nar/gkw1074,2.1306755542755127,0794921c796ddbc878db48496780363fbc3a6e21eb11639b6ba5e5e4ceaa121b
2773,342,dpp4_03,N#C[C@@H]1C[C@@H]2C[C@@H]2N1C(=O)[C@@H](N)C12CC3CC(O)(CC(O)(C3)C1)C2,N#C[C@@H]1C[C@@H]2C[C@@H]2N1C(=O)[C@@H](N)C12CC3CC(O)(CC(O)(C3)C1)C2,3.30103,0.0,1,10.1093/nar/gkw1074,2.1899077892303467,0794921c796ddbc878db48496780363fbc3a6e21eb11639b6ba5e5e4ceaa121b
2773,342,dpp4_04,N#C[C@@H]1CCCN1C(=O)CNC12CC3CC(CC(O)(C3)C1)C2,N#C[C@@H]1CCCN1C(=O)CNC12CC3CC(CC(O)(C3)C1)C2,3.2947284999999997,0.5755505683919404,8,10.1093/nar/gkw1074,2.237372875213623,0794921c796ddbc878db48496780363fbc3a6e21eb11639b6ba5e5e4ceaa121b
2773,342,dpp4_05,Cn1c(=O)cc(N2CCC[C@@H](N)C2)n(Cc2cc(F)ccc2C#N)c1=O,Cn1c(=O)cc(N2CCC[C@@H](N)C2)n(Cc2cc(F)ccc2C#N)c1=O,3.39794,0.0,1,10.1093/nar/gkw1074,1.9429314136505127,0794921c796ddbc878db48496780363fbc3a6e21eb11639b6ba5e5e4ceaa121b
2773,342,dpp4_06,N[C@@H](CC(=O)N1CCn2c(nnc2C(F)(F)F)C1)Cc1cc(F)c(F)cc1F,N[C@@H](CC(=O)N1CCn2c(nnc2C(F)(F)F)C1)Cc1cc(F)c(F)cc1F,1.6180956666666664,0.36151075780443015,3,10.1093/nar/gkw1074,2.009761095046997,0794921c796ddbc878db48496780363fbc3a6e21eb11639b6ba5e5e4ceaa121b
2773,342,dpp4_07,COc1cc2ccc3c(c2cc1OC)C[C@H](N)[C@@H](c1cc(F)c(F)cc1F)O3,COc1cc2ccc3c(c2cc1OC)C[C@H](N)[C@@H](c1cc(F)c(F)cc1F)O3,2.464706,0.0,2,10.1093/nar/gkw1074,1.818843126296997,0794921c796ddbc878db48496780363fbc3a6e21eb11639b6ba5e5e4ceaa121b
2773,342,dpp4_08,COc1cc2c3c(ccc2cc1S(C)(=O)=O)O[C@H](c1cc(F)c(F)cc1F)[C@@H](N)C3,COc1cc2c3c(ccc2cc1S(C)(=O)=O)O[C@H](c1cc(F)c(F)cc1F)[C@@H](N)C3,1.170053,0.0,1,10.1093/nar/gkw1074,1.8111300468444824,0794921c796ddbc878db48496780363fbc3a6e21eb11639b6ba5e5e4ceaa121b
2773,342,dpp4_09,CS(=O)(=O)n1cc2c(n1)CN([C@H]1CO[C@H](c3cc(F)ccc3F)[C@@H](N)C1)C2,CS(=O)(=O)n1cc2c(n1)CN([C@H]1CO[C@H](c3cc(F)ccc3F)[C@@H](N)C1)C2,3.149354,0.0,2,10.1093/nar/gkw1074,2.1296651363372803,0794921c796ddbc878db48496780363fbc3a6e21eb11639b6ba5e5e4ceaa121b
2773,342,dpp4_10,Cc1cc(N2CCN([C@@H]3CN[C@H](C(=O)N4CCSC4)C3)CC2)n(-c2ccccc2)n1,Cc1cc(N2CCN([C@@H]3CN[C@H](C(=O)N4CCSC4)C3)CC2)n(-c2ccccc2)n1,3.585027,0.0,1,10.1093/nar/gkw1074,2.0961835384368896,0794921c796ddbc878db48496780363fbc3a6e21eb11639b6ba5e5e4ceaa121b
2773,342,dpp4_11,Cn1c(=O)cc(N2CCC[C@@H](N)C2)n(Cc2ccccc2C#N)c1=O,Cn1c(=O)cc(N2CCC[C@@H](N)C2)n(Cc2ccccc2C#N)c1=O,2.508638,0.0,1,10.1093/nar/gkw1074,2.1361701488494873,0794921c796ddbc878db48496780363fbc3a6e21eb11639b6ba5e5e4ceaa121b
2773,342,dpp4_12,CC#CCn1c(N2CCC[C@@H](N)C2)nc2c1c(=O)n(Cc1nc(C)c3ccccc3n1)c(=O)n2C,CC#CCn1c(N2CCC[C@@H](N)C2)nc2c1c(=O)n(Cc1nc(C)c3ccccc3n1)c(=O)n2C,4.4076545,0.16295205061765816,2,10.1093/nar/gkw1074,2.036391496658325,0794921c796ddbc878db48496780363fbc3a6e21eb11639b6ba5e5e4ceaa121b
2773,342,dpp4_13,Cn1c(=O)c2c(nc(N3CCCC(N)C3)n2Cc2ccccc2)n(C)c1=O,Cn1c(=O)c2c(nc(N3CCCC(N)C3)n2Cc2ccccc2)n(C)c1=O,1.19382,0.0,1,10.1093/nar/gkw1074,2.1156129837036133,0794921c796ddbc878db48496780363fbc3a6e21eb11639b6ba5e5e4ceaa121b
2773,342,dpp4_14,CC(C)=CCn1c(N2CCC[C@H](N)C2)nc2c1c(=O)n(CC(=O)c1ccccc1)c(=O)n2C,CC(C)=CCn1c(N2CCC[C@H](N)C2)nc2c1c(=O)n(CC(=O)c1ccccc1)c(=O)n2C,2.730487,0.0,1,10.1093/nar/gkw1074,2.223085641860962,0794921c796ddbc878db48496780363fbc3a6e21eb11639b6ba5e5e4ceaa121b
2773,342,dpp4_15,COc1cc2c3c(ccc2cc1C#N)O[C@H](c1cc(F)c(F)cc1F)[C@@H](N)C3,COc1cc2c3c(ccc2cc1C#N)O[C@H](c1cc(F)c(F)cc1F)[C@@H](N)C3,2.640165,0.0,1,10.1093/nar/gkw1074,1.8512717485427856,0794921c796ddbc878db48496780363fbc3a6e21eb11639b6ba5e5e4ceaa121b
2773,442,dpp4_01,N[C@H]1C[C@@H](N2CC3=C(C2)CS(=O)(=O)C3)CO[C@@H]1c1cc(F)ccc1F,N[C@H]1C[C@@H](N2CC3=C(C2)CS(=O)(=O)C3)CO[C@@H]1c1cc(F)ccc1F,3.49485,0.0,1,10.1093/nar/gkw1074,2.0699245929718018,631ef93608905533d365fb97ed0ecc379a60c0993e0d15ad8dd8c4d29a42bd65
2773,442,dpp4_02,N#C[C@@H]1C[C@@H]2C[C@@H]2N1C(=O)[C@@H](N)C12CC3CC(CC(O)(C3)C1)C2,N#C[C@@H]1C[C@@H]2C[C@@H]2N1C(=O)[C@@H](N)C12CC3CC(CC(O)(C3)C1)C2,3.813603142857143,0.5411620419496759,7,10.1093/nar/gkw1074,2.377925157546997,631ef93608905533d365fb97ed0ecc379a60c0993e0d15ad8dd8c4d29a42bd65
2773,442,dpp4_03,N#C[C@@H]1C[C@@H]2C[C@@H]2N1C(=O)[C@@H](N)C12CC3CC(O)(CC(O)(C3)C1)C2,N#C[C@@H]1C[C@@H]2C[C@@H]2N1C(=O)[C@@H](N)C12CC3CC(O)(CC(O)(C3)C1)C2,3.30103,0.0,1,10.1093/nar/gkw1074,2.5342743396759033,631ef93608905533d365fb97ed0ecc379a60c0993e0d15ad8dd8c4d29a42bd65
2773,442,dpp4_04,N#C[C@@H]1CCCN1C(=O)CNC12CC3CC(CC(O)(C3)C1)C2,N#C[C@@H]1CCCN1C(=O)CNC12CC3CC(CC(O)(C3)C1)C2,3.2947284999999997,0.5755505683919404,8,10.1093/nar/gkw1074,2.419165849685669,631ef93608905533d365fb97ed0ecc379a60c0993e0d15ad8dd8c4d29a42bd65
2773,442,dpp4_05,Cn1c(=O)cc(N2CCC[C@@H](N)C2)n(Cc2cc(F)ccc2C#N)c1=O,Cn1c(=O)cc(N2CCC[C@@H](N)C2)n(Cc2cc(F)ccc2C#N)c1=O,3.39794,0.0,1,10.1093/nar/gkw1074,1.5382428169250488,631ef93608905533d365fb97ed0ecc379a60c0993e0d15ad8dd8c4d29a42bd65
2773,442,dpp4_06,N[C@@H](CC(=O)N1CCn2c(nnc2C(F)(F)F)C1)Cc1cc(F)c(F)cc1F,N[C@@H](CC(=O)N1CCn2c(nnc2C(F)(F)F)C1)Cc1cc(F)c(F)cc1F,1.6180956666666664,0.36151075780443015,3,10.1093/nar/gkw1074,2.116386651992798,631ef93608905533d365fb97ed0ecc379a60c0993e0d15ad8dd8c4d29a42bd65
2773,442,dpp4_07,COc1cc2ccc3c(c2cc1OC)C[C@H](N)[C@@H](c1cc(F)c(F)cc1F)O3,COc1cc2ccc3c(c2cc1OC)C[C@H](N)[C@@H](c1cc(F)c(F)cc1F)O3,2.464706,0.0,2,10.1093/nar/gkw1074,1.856044054031372,631ef93608905533d365fb97ed0ecc379a60c0993e0d15ad8dd8c4d29a42bd65
2773,442,dpp4_08,COc1cc2c3c(ccc2cc1S(C)(=O)=O)O[C@H](c1cc(F)c(F)cc1F)[C@@H](N)C3,COc1cc2c3c(ccc2cc1S(C)(=O)=O)O[C@H](c1cc(F)c(F)cc1F)[C@@H](N)C3,1.170053,0.0,1,10.1093/nar/gkw1074,1.886707067489624,631ef93608905533d365fb97ed0ecc379a60c0993e0d15ad8dd8c4d29a42bd65
2773,442,dpp4_09,CS(=O)(=O)n1cc2c(n1)CN([C@H]1CO[C@H](c3cc(F)ccc3F)[C@@H](N)C1)C2,CS(=O)(=O)n1cc2c(n1)CN([C@H]1CO[C@H](c3cc(F)ccc3F)[C@@H](N)C1)C2,3.149354,0.0,2,10.1093/nar/gkw1074,1.7894200086593628,631ef93608905533d365fb97ed0ecc379a60c0993e0d15ad8dd8c4d29a42bd65
2773,442,dpp4_10,Cc1cc(N2CCN([C@@H]3CN[C@H](C(=O)N4CCSC4)C3)CC2)n(-c2ccccc2)n1,Cc1cc(N2CCN([C@@H]3CN[C@H](C(=O)N4CCSC4)C3)CC2)n(-c2ccccc2)n1,3.585027,0.0,1,10.1093/nar/gkw1074,2.233680486679077,631ef93608905533d365fb97ed0ecc379a60c0993e0d15ad8dd8c4d29a42bd65
2773,442,dpp4_11,Cn1c(=O)cc(N2CCC[C@@H](N)C2)n(Cc2ccccc2C#N)c1=O,Cn1c(=O)cc(N2CCC[C@@H](N)C2)n(Cc2ccccc2C#N)c1=O,2.508638,0.0,1,10.1093/nar/gkw1074,1.858086347579956,631ef93608905533d365fb97ed0ecc379a60c0993e0d15ad8dd8c4d29a42bd65
2773,442,dpp4_12,CC#CCn1c(N2CCC[C@@H](N)C2)nc2c1c(=O)n(Cc1nc(C)c3ccccc3n1)c(=O)n2C,CC#CCn1c(N2CCC[C@@H](N)C2)nc2c1c(=O)n(Cc1nc(C)c3ccccc3n1)c(=O)n2C,4.4076545,0.16295205061765816,2,10.1093/nar/gkw1074,2.0224435329437256,631ef93608905533d365fb97ed0ecc379a60c0993e0d15ad8dd8c4d29a42bd65
2773,442,dpp4_13,Cn1c(=O)c2c(nc(N3CCCC(N)C3)n2Cc2ccccc2)n(C)c1=O,Cn1c(=O)c2c(nc(N3CCCC(N)C3)n2Cc2ccccc2)n(C)c1=O,1.19382,0.0,1,10.1093/nar/gkw1074,2.1519927978515625,631ef93608905533d365fb97ed0ecc379a60c0993e0d15ad8dd8c4d29a42bd65
2773,442,dpp4_14,CC(C)=CCn1c(N2CCC[C@H](N)C2)nc2c1c(=O)n(CC(=O)c1ccccc1)c(=O)n2C,CC(C)=CCn1c(N2CCC[C@H](N)C2)nc2c1c(=O)n(CC(=O)c1ccccc1)c(=O)n2C,2.730487,0.0,1,10.1093/nar/gkw1074,2.054473400115967,631ef93608905533d365fb97ed0ecc379a60c0993e0d15ad8dd8c4d29a42bd65
2773,442,dpp4_15,COc1cc2c3c(ccc2cc1C#N)O[C@H](c1cc(F)c(F)cc1F)[C@@H](N)C3,COc1cc2c3c(ccc2cc1C#N)O[C@H](c1cc(F)c(F)cc1F)[C@@H](N)C3,2.640165,0.0,1,10.1093/nar/gkw1074,1.643342137336731,631ef93608905533d365fb97ed0ecc379a60c0993e0d15ad8dd8c4d29a42bd65
