dataset,protocol,variant,run,status,output_dir
2773,warm,full,1,verified,<BIO_PROJECT_ROOT>/mgca_hyperparameter_tuning/v10_unbounded_jointtune/outputs/unbounded_warm_hpo_wide_init_v2/formal/2773/warm/full/run1
2773,warm,full,2,verified,<BIO_PROJECT_ROOT>/mgca_hyperparameter_tuning/v10_unbounded_jointtune/outputs/unbounded_warm_hpo_wide_init_v2/formal/2773/warm/full/run2
2773,warm,full,3,verified,<BIO_PROJECT_ROOT>/mgca_hyperparameter_tuning/v10_unbounded_jointtune/outputs/unbounded_warm_hpo_wide_init_v2/formal/2773/warm/full/run3
2773,warm,full,4,verified,<BIO_PROJECT_ROOT>/mgca_hyperparameter_tuning/v10_unbounded_jointtune/outputs/unbounded_warm_hpo_wide_init_v2/formal/2773/warm/full/run4
2773,warm,full,5,verified,<BIO_PROJECT_ROOT>/mgca_hyperparameter_tuning/v10_unbounded_jointtune/outputs/unbounded_warm_hpo_wide_init_v2/formal/2773/warm/full/run5
2773,warm,without_protein,1,verified,<BIO_PROJECT_ROOT>/mgca_hyperparameter_tuning/v10_unbounded_jointtune/outputs/unbounded_warm_hpo_wide_init_v2/formal/2773/warm/without_protein/run1
2773,warm,without_protein,2,verified,<BIO_PROJECT_ROOT>/mgca_hyperparameter_tuning/v10_unbounded_jointtune/outputs/unbounded_warm_hpo_wide_init_v2/formal/2773/warm/without_protein/run2
2773,warm,without_protein,3,verified,<BIO_PROJECT_ROOT>/mgca_hyperparameter_tuning/v10_unbounded_jointtune/outputs/unbounded_warm_hpo_wide_init_v2/formal/2773/warm/without_protein/run3
2773,warm,without_protein,4,verified,<BIO_PROJECT_ROOT>/mgca_hyperparameter_tuning/v10_unbounded_jointtune/outputs/unbounded_warm_hpo_wide_init_v2/formal/2773/warm/without_protein/run4
2773,warm,without_protein,5,verified,<BIO_PROJECT_ROOT>/mgca_hyperparameter_tuning/v10_unbounded_jointtune/outputs/unbounded_warm_hpo_wide_init_v2/formal/2773/warm/without_protein/run5
2773,warm,without_drug,1,verified,<BIO_PROJECT_ROOT>/mgca_hyperparameter_tuning/v10_unbounded_jointtune/outputs/unbounded_warm_hpo_wide_init_v2/formal/2773/warm/without_drug/run1
2773,warm,without_drug,2,verified,<BIO_PROJECT_ROOT>/mgca_hyperparameter_tuning/v10_unbounded_jointtune/outputs/unbounded_warm_hpo_wide_init_v2/formal/2773/warm/without_drug/run2
2773,warm,without_drug,3,verified,<BIO_PROJECT_ROOT>/mgca_hyperparameter_tuning/v10_unbounded_jointtune/outputs/unbounded_warm_hpo_wide_init_v2/formal/2773/warm/without_drug/run3
2773,warm,without_drug,4,verified,<BIO_PROJECT_ROOT>/mgca_hyperparameter_tuning/v10_unbounded_jointtune/outputs/unbounded_warm_hpo_wide_init_v2/formal/2773/warm/without_drug/run4
2773,warm,without_drug,5,verified,<BIO_PROJECT_ROOT>/mgca_hyperparameter_tuning/v10_unbounded_jointtune/outputs/unbounded_warm_hpo_wide_init_v2/formal/2773/warm/without_drug/run5
2773,warm,without_joint,1,verified,<BIO_PROJECT_ROOT>/mgca_hyperparameter_tuning/v10_unbounded_jointtune/outputs/unbounded_warm_hpo_wide_init_v2/formal/2773/warm/without_joint/run1
2773,warm,without_joint,2,verified,<BIO_PROJECT_ROOT>/mgca_hyperparameter_tuning/v10_unbounded_jointtune/outputs/unbounded_warm_hpo_wide_init_v2/formal/2773/warm/without_joint/run2
2773,warm,without_joint,3,verified,<BIO_PROJECT_ROOT>/mgca_hyperparameter_tuning/v10_unbounded_jointtune/outputs/unbounded_warm_hpo_wide_init_v2/formal/2773/warm/without_joint/run3
2773,warm,without_joint,4,verified,<BIO_PROJECT_ROOT>/mgca_hyperparameter_tuning/v10_unbounded_jointtune/outputs/unbounded_warm_hpo_wide_init_v2/formal/2773/warm/without_joint/run4
2773,warm,without_joint,5,verified,<BIO_PROJECT_ROOT>/mgca_hyperparameter_tuning/v10_unbounded_jointtune/outputs/unbounded_warm_hpo_wide_init_v2/formal/2773/warm/without_joint/run5
2773,drug_cold,full,1,verified,<BIO_PROJECT_ROOT>/mgca_hyperparameter_tuning/v10_unbounded_jointtune/outputs/unbounded_warm_hpo_wide_init_v2/formal/2773/drug_cold/full/run1
2773,drug_cold,full,2,verified,<BIO_PROJECT_ROOT>/mgca_hyperparameter_tuning/v10_unbounded_jointtune/outputs/unbounded_warm_hpo_wide_init_v2/formal/2773/drug_cold/full/run2
2773,drug_cold,full,3,verified,<BIO_PROJECT_ROOT>/mgca_hyperparameter_tuning/v10_unbounded_jointtune/outputs/unbounded_warm_hpo_wide_init_v2/formal/2773/drug_cold/full/run3
2773,drug_cold,full,4,verified,<BIO_PROJECT_ROOT>/mgca_hyperparameter_tuning/v10_unbounded_jointtune/outputs/unbounded_warm_hpo_wide_init_v2/formal/2773/drug_cold/full/run4
2773,drug_cold,full,5,verified,<BIO_PROJECT_ROOT>/mgca_hyperparameter_tuning/v10_unbounded_jointtune/outputs/unbounded_warm_hpo_wide_init_v2/formal/2773/drug_cold/full/run5
2773,drug_cold,without_protein,1,verified,<BIO_PROJECT_ROOT>/mgca_hyperparameter_tuning/v10_unbounded_jointtune/outputs/unbounded_warm_hpo_wide_init_v2/formal/2773/drug_cold/without_protein/run1
2773,drug_cold,without_protein,2,verified,<BIO_PROJECT_ROOT>/mgca_hyperparameter_tuning/v10_unbounded_jointtune/outputs/unbounded_warm_hpo_wide_init_v2/formal/2773/drug_cold/without_protein/run2
2773,drug_cold,without_protein,3,verified,<BIO_PROJECT_ROOT>/mgca_hyperparameter_tuning/v10_unbounded_jointtune/outputs/unbounded_warm_hpo_wide_init_v2/formal/2773/drug_cold/without_protein/run3
2773,drug_cold,without_protein,4,verified,<BIO_PROJECT_ROOT>/mgca_hyperparameter_tuning/v10_unbounded_jointtune/outputs/unbounded_warm_hpo_wide_init_v2/formal/2773/drug_cold/without_protein/run4
2773,drug_cold,without_protein,5,verified,<BIO_PROJECT_ROOT>/mgca_hyperparameter_tuning/v10_unbounded_jointtune/outputs/unbounded_warm_hpo_wide_init_v2/formal/2773/drug_cold/without_protein/run5
2773,drug_cold,without_drug,1,verified,<BIO_PROJECT_ROOT>/mgca_hyperparameter_tuning/v10_unbounded_jointtune/outputs/unbounded_warm_hpo_wide_init_v2/formal/2773/drug_cold/without_drug/run1
2773,drug_cold,without_drug,2,verified,<BIO_PROJECT_ROOT>/mgca_hyperparameter_tuning/v10_unbounded_jointtune/outputs/unbounded_warm_hpo_wide_init_v2/formal/2773/drug_cold/without_drug/run2
2773,drug_cold,without_drug,3,verified,<BIO_PROJECT_ROOT>/mgca_hyperparameter_tuning/v10_unbounded_jointtune/outputs/unbounded_warm_hpo_wide_init_v2/formal/2773/drug_cold/without_drug/run3
2773,drug_cold,without_drug,4,verified,<BIO_PROJECT_ROOT>/mgca_hyperparameter_tuning/v10_unbounded_jointtune/outputs/unbounded_warm_hpo_wide_init_v2/formal/2773/drug_cold/without_drug/run4
2773,drug_cold,without_drug,5,verified,<BIO_PROJECT_ROOT>/mgca_hyperparameter_tuning/v10_unbounded_jointtune/outputs/unbounded_warm_hpo_wide_init_v2/formal/2773/drug_cold/without_drug/run5
2773,drug_cold,without_joint,1,verified,<BIO_PROJECT_ROOT>/mgca_hyperparameter_tuning/v10_unbounded_jointtune/outputs/unbounded_warm_hpo_wide_init_v2/formal/2773/drug_cold/without_joint/run1
2773,drug_cold,without_joint,2,verified,<BIO_PROJECT_ROOT>/mgca_hyperparameter_tuning/v10_unbounded_jointtune/outputs/unbounded_warm_hpo_wide_init_v2/formal/2773/drug_cold/without_joint/run2
2773,drug_cold,without_joint,3,verified,<BIO_PROJECT_ROOT>/mgca_hyperparameter_tuning/v10_unbounded_jointtune/outputs/unbounded_warm_hpo_wide_init_v2/formal/2773/drug_cold/without_joint/run3
2773,drug_cold,without_joint,4,verified,<BIO_PROJECT_ROOT>/mgca_hyperparameter_tuning/v10_unbounded_jointtune/outputs/unbounded_warm_hpo_wide_init_v2/formal/2773/drug_cold/without_joint/run4
2773,drug_cold,without_joint,5,verified,<BIO_PROJECT_ROOT>/mgca_hyperparameter_tuning/v10_unbounded_jointtune/outputs/unbounded_warm_hpo_wide_init_v2/formal/2773/drug_cold/without_joint/run5
2773,protein_cold,full,1,verified,<BIO_PROJECT_ROOT>/mgca_hyperparameter_tuning/v10_unbounded_jointtune/outputs/unbounded_warm_hpo_wide_init_v2/formal/2773/protein_cold/full/run1
2773,protein_cold,full,2,verified,<BIO_PROJECT_ROOT>/mgca_hyperparameter_tuning/v10_unbounded_jointtune/outputs/unbounded_warm_hpo_wide_init_v2/formal/2773/protein_cold/full/run2
2773,protein_cold,full,3,verified,<BIO_PROJECT_ROOT>/mgca_hyperparameter_tuning/v10_unbounded_jointtune/outputs/unbounded_warm_hpo_wide_init_v2/formal/2773/protein_cold/full/run3
2773,protein_cold,full,4,verified,<BIO_PROJECT_ROOT>/mgca_hyperparameter_tuning/v10_unbounded_jointtune/outputs/unbounded_warm_hpo_wide_init_v2/formal/2773/protein_cold/full/run4
2773,protein_cold,full,5,verified,<BIO_PROJECT_ROOT>/mgca_hyperparameter_tuning/v10_unbounded_jointtune/outputs/unbounded_warm_hpo_wide_init_v2/formal/2773/protein_cold/full/run5
2773,protein_cold,without_protein,1,verified,<BIO_PROJECT_ROOT>/mgca_hyperparameter_tuning/v10_unbounded_jointtune/outputs/unbounded_warm_hpo_wide_init_v2/formal/2773/protein_cold/without_protein/run1
2773,protein_cold,without_protein,2,verified,<BIO_PROJECT_ROOT>/mgca_hyperparameter_tuning/v10_unbounded_jointtune/outputs/unbounded_warm_hpo_wide_init_v2/formal/2773/protein_cold/without_protein/run2
2773,protein_cold,without_protein,3,verified,<BIO_PROJECT_ROOT>/mgca_hyperparameter_tuning/v10_unbounded_jointtune/outputs/unbounded_warm_hpo_wide_init_v2/formal/2773/protein_cold/without_protein/run3
2773,protein_cold,without_protein,4,verified,<BIO_PROJECT_ROOT>/mgca_hyperparameter_tuning/v10_unbounded_jointtune/outputs/unbounded_warm_hpo_wide_init_v2/formal/2773/protein_cold/without_protein/run4
2773,protein_cold,without_protein,5,verified,<BIO_PROJECT_ROOT>/mgca_hyperparameter_tuning/v10_unbounded_jointtune/outputs/unbounded_warm_hpo_wide_init_v2/formal/2773/protein_cold/without_protein/run5
2773,protein_cold,without_drug,1,verified,<BIO_PROJECT_ROOT>/mgca_hyperparameter_tuning/v10_unbounded_jointtune/outputs/unbounded_warm_hpo_wide_init_v2/formal/2773/protein_cold/without_drug/run1
2773,protein_cold,without_drug,2,verified,<BIO_PROJECT_ROOT>/mgca_hyperparameter_tuning/v10_unbounded_jointtune/outputs/unbounded_warm_hpo_wide_init_v2/formal/2773/protein_cold/without_drug/run2
2773,protein_cold,without_drug,3,verified,<BIO_PROJECT_ROOT>/mgca_hyperparameter_tuning/v10_unbounded_jointtune/outputs/unbounded_warm_hpo_wide_init_v2/formal/2773/protein_cold/without_drug/run3
2773,protein_cold,without_drug,4,verified,<BIO_PROJECT_ROOT>/mgca_hyperparameter_tuning/v10_unbounded_jointtune/outputs/unbounded_warm_hpo_wide_init_v2/formal/2773/protein_cold/without_drug/run4
2773,protein_cold,without_drug,5,verified,<BIO_PROJECT_ROOT>/mgca_hyperparameter_tuning/v10_unbounded_jointtune/outputs/unbounded_warm_hpo_wide_init_v2/formal/2773/protein_cold/without_drug/run5
2773,protein_cold,without_joint,1,verified,<BIO_PROJECT_ROOT>/mgca_hyperparameter_tuning/v10_unbounded_jointtune/outputs/unbounded_warm_hpo_wide_init_v2/formal/2773/protein_cold/without_joint/run1
2773,protein_cold,without_joint,2,verified,<BIO_PROJECT_ROOT>/mgca_hyperparameter_tuning/v10_unbounded_jointtune/outputs/unbounded_warm_hpo_wide_init_v2/formal/2773/protein_cold/without_joint/run2
2773,protein_cold,without_joint,3,verified,<BIO_PROJECT_ROOT>/mgca_hyperparameter_tuning/v10_unbounded_jointtune/outputs/unbounded_warm_hpo_wide_init_v2/formal/2773/protein_cold/without_joint/run3
2773,protein_cold,without_joint,4,verified,<BIO_PROJECT_ROOT>/mgca_hyperparameter_tuning/v10_unbounded_jointtune/outputs/unbounded_warm_hpo_wide_init_v2/formal/2773/protein_cold/without_joint/run4
2773,protein_cold,without_joint,5,verified,<BIO_PROJECT_ROOT>/mgca_hyperparameter_tuning/v10_unbounded_jointtune/outputs/unbounded_warm_hpo_wide_init_v2/formal/2773/protein_cold/without_joint/run5
KinetX,warm,full,1,verified,<BIO_PROJECT_ROOT>/mgca_hyperparameter_tuning/v10_unbounded_jointtune/outputs/unbounded_warm_hpo_wide_init_v2/formal/KinetX/warm/full/run1
KinetX,warm,full,2,verified,<BIO_PROJECT_ROOT>/mgca_hyperparameter_tuning/v10_unbounded_jointtune/outputs/unbounded_warm_hpo_wide_init_v2/formal/KinetX/warm/full/run2
KinetX,warm,full,3,verified,<BIO_PROJECT_ROOT>/mgca_hyperparameter_tuning/v10_unbounded_jointtune/outputs/unbounded_warm_hpo_wide_init_v2/formal/KinetX/warm/full/run3
KinetX,warm,full,4,verified,<BIO_PROJECT_ROOT>/mgca_hyperparameter_tuning/v10_unbounded_jointtune/outputs/unbounded_warm_hpo_wide_init_v2/formal/KinetX/warm/full/run4
KinetX,warm,full,5,verified,<BIO_PROJECT_ROOT>/mgca_hyperparameter_tuning/v10_unbounded_jointtune/outputs/unbounded_warm_hpo_wide_init_v2/formal/KinetX/warm/full/run5
KinetX,warm,without_protein,1,verified,<BIO_PROJECT_ROOT>/mgca_hyperparameter_tuning/v10_unbounded_jointtune/outputs/unbounded_warm_hpo_wide_init_v2/formal/KinetX/warm/without_protein/run1
KinetX,warm,without_protein,2,verified,<BIO_PROJECT_ROOT>/mgca_hyperparameter_tuning/v10_unbounded_jointtune/outputs/unbounded_warm_hpo_wide_init_v2/formal/KinetX/warm/without_protein/run2
KinetX,warm,without_protein,3,verified,<BIO_PROJECT_ROOT>/mgca_hyperparameter_tuning/v10_unbounded_jointtune/outputs/unbounded_warm_hpo_wide_init_v2/formal/KinetX/warm/without_protein/run3
KinetX,warm,without_protein,4,verified,<BIO_PROJECT_ROOT>/mgca_hyperparameter_tuning/v10_unbounded_jointtune/outputs/unbounded_warm_hpo_wide_init_v2/formal/KinetX/warm/without_protein/run4
KinetX,warm,without_protein,5,verified,<BIO_PROJECT_ROOT>/mgca_hyperparameter_tuning/v10_unbounded_jointtune/outputs/unbounded_warm_hpo_wide_init_v2/formal/KinetX/warm/without_protein/run5
KinetX,warm,without_drug,1,verified,<BIO_PROJECT_ROOT>/mgca_hyperparameter_tuning/v10_unbounded_jointtune/outputs/unbounded_warm_hpo_wide_init_v2/formal/KinetX/warm/without_drug/run1
KinetX,warm,without_drug,2,verified,<BIO_PROJECT_ROOT>/mgca_hyperparameter_tuning/v10_unbounded_jointtune/outputs/unbounded_warm_hpo_wide_init_v2/formal/KinetX/warm/without_drug/run2
KinetX,warm,without_drug,3,verified,<BIO_PROJECT_ROOT>/mgca_hyperparameter_tuning/v10_unbounded_jointtune/outputs/unbounded_warm_hpo_wide_init_v2/formal/KinetX/warm/without_drug/run3
KinetX,warm,without_drug,4,verified,<BIO_PROJECT_ROOT>/mgca_hyperparameter_tuning/v10_unbounded_jointtune/outputs/unbounded_warm_hpo_wide_init_v2/formal/KinetX/warm/without_drug/run4
KinetX,warm,without_drug,5,verified,<BIO_PROJECT_ROOT>/mgca_hyperparameter_tuning/v10_unbounded_jointtune/outputs/unbounded_warm_hpo_wide_init_v2/formal/KinetX/warm/without_drug/run5
KinetX,warm,without_joint,1,verified,<BIO_PROJECT_ROOT>/mgca_hyperparameter_tuning/v10_unbounded_jointtune/outputs/unbounded_warm_hpo_wide_init_v2/formal/KinetX/warm/without_joint/run1
KinetX,warm,without_joint,2,verified,<BIO_PROJECT_ROOT>/mgca_hyperparameter_tuning/v10_unbounded_jointtune/outputs/unbounded_warm_hpo_wide_init_v2/formal/KinetX/warm/without_joint/run2
KinetX,warm,without_joint,3,verified,<BIO_PROJECT_ROOT>/mgca_hyperparameter_tuning/v10_unbounded_jointtune/outputs/unbounded_warm_hpo_wide_init_v2/formal/KinetX/warm/without_joint/run3
KinetX,warm,without_joint,4,verified,<BIO_PROJECT_ROOT>/mgca_hyperparameter_tuning/v10_unbounded_jointtune/outputs/unbounded_warm_hpo_wide_init_v2/formal/KinetX/warm/without_joint/run4
KinetX,warm,without_joint,5,verified,<BIO_PROJECT_ROOT>/mgca_hyperparameter_tuning/v10_unbounded_jointtune/outputs/unbounded_warm_hpo_wide_init_v2/formal/KinetX/warm/without_joint/run5
KinetX,drug_cold,full,1,verified,<BIO_PROJECT_ROOT>/mgca_hyperparameter_tuning/v10_unbounded_jointtune/outputs/unbounded_warm_hpo_wide_init_v2/formal/KinetX/drug_cold/full/run1
KinetX,drug_cold,full,2,verified,<BIO_PROJECT_ROOT>/mgca_hyperparameter_tuning/v10_unbounded_jointtune/outputs/unbounded_warm_hpo_wide_init_v2/formal/KinetX/drug_cold/full/run2
KinetX,drug_cold,full,3,verified,<BIO_PROJECT_ROOT>/mgca_hyperparameter_tuning/v10_unbounded_jointtune/outputs/unbounded_warm_hpo_wide_init_v2/formal/KinetX/drug_cold/full/run3
KinetX,drug_cold,full,4,verified,<BIO_PROJECT_ROOT>/mgca_hyperparameter_tuning/v10_unbounded_jointtune/outputs/unbounded_warm_hpo_wide_init_v2/formal/KinetX/drug_cold/full/run4
KinetX,drug_cold,full,5,verified,<BIO_PROJECT_ROOT>/mgca_hyperparameter_tuning/v10_unbounded_jointtune/outputs/unbounded_warm_hpo_wide_init_v2/formal/KinetX/drug_cold/full/run5
KinetX,drug_cold,without_protein,1,verified,<BIO_PROJECT_ROOT>/mgca_hyperparameter_tuning/v10_unbounded_jointtune/outputs/unbounded_warm_hpo_wide_init_v2/formal/KinetX/drug_cold/without_protein/run1
KinetX,drug_cold,without_protein,2,verified,<BIO_PROJECT_ROOT>/mgca_hyperparameter_tuning/v10_unbounded_jointtune/outputs/unbounded_warm_hpo_wide_init_v2/formal/KinetX/drug_cold/without_protein/run2
KinetX,drug_cold,without_protein,3,verified,<BIO_PROJECT_ROOT>/mgca_hyperparameter_tuning/v10_unbounded_jointtune/outputs/unbounded_warm_hpo_wide_init_v2/formal/KinetX/drug_cold/without_protein/run3
KinetX,drug_cold,without_protein,4,verified,<BIO_PROJECT_ROOT>/mgca_hyperparameter_tuning/v10_unbounded_jointtune/outputs/unbounded_warm_hpo_wide_init_v2/formal/KinetX/drug_cold/without_protein/run4
KinetX,drug_cold,without_protein,5,verified,<BIO_PROJECT_ROOT>/mgca_hyperparameter_tuning/v10_unbounded_jointtune/outputs/unbounded_warm_hpo_wide_init_v2/formal/KinetX/drug_cold/without_protein/run5
KinetX,drug_cold,without_drug,1,verified,<BIO_PROJECT_ROOT>/mgca_hyperparameter_tuning/v10_unbounded_jointtune/outputs/unbounded_warm_hpo_wide_init_v2/formal/KinetX/drug_cold/without_drug/run1
KinetX,drug_cold,without_drug,2,verified,<BIO_PROJECT_ROOT>/mgca_hyperparameter_tuning/v10_unbounded_jointtune/outputs/unbounded_warm_hpo_wide_init_v2/formal/KinetX/drug_cold/without_drug/run2
KinetX,drug_cold,without_drug,3,verified,<BIO_PROJECT_ROOT>/mgca_hyperparameter_tuning/v10_unbounded_jointtune/outputs/unbounded_warm_hpo_wide_init_v2/formal/KinetX/drug_cold/without_drug/run3
KinetX,drug_cold,without_drug,4,verified,<BIO_PROJECT_ROOT>/mgca_hyperparameter_tuning/v10_unbounded_jointtune/outputs/unbounded_warm_hpo_wide_init_v2/formal/KinetX/drug_cold/without_drug/run4
KinetX,drug_cold,without_drug,5,verified,<BIO_PROJECT_ROOT>/mgca_hyperparameter_tuning/v10_unbounded_jointtune/outputs/unbounded_warm_hpo_wide_init_v2/formal/KinetX/drug_cold/without_drug/run5
KinetX,drug_cold,without_joint,1,verified,<BIO_PROJECT_ROOT>/mgca_hyperparameter_tuning/v10_unbounded_jointtune/outputs/unbounded_warm_hpo_wide_init_v2/formal/KinetX/drug_cold/without_joint/run1
KinetX,drug_cold,without_joint,2,verified,<BIO_PROJECT_ROOT>/mgca_hyperparameter_tuning/v10_unbounded_jointtune/outputs/unbounded_warm_hpo_wide_init_v2/formal/KinetX/drug_cold/without_joint/run2
KinetX,drug_cold,without_joint,3,verified,<BIO_PROJECT_ROOT>/mgca_hyperparameter_tuning/v10_unbounded_jointtune/outputs/unbounded_warm_hpo_wide_init_v2/formal/KinetX/drug_cold/without_joint/run3
KinetX,drug_cold,without_joint,4,verified,<BIO_PROJECT_ROOT>/mgca_hyperparameter_tuning/v10_unbounded_jointtune/outputs/unbounded_warm_hpo_wide_init_v2/formal/KinetX/drug_cold/without_joint/run4
KinetX,drug_cold,without_joint,5,verified,<BIO_PROJECT_ROOT>/mgca_hyperparameter_tuning/v10_unbounded_jointtune/outputs/unbounded_warm_hpo_wide_init_v2/formal/KinetX/drug_cold/without_joint/run5
KinetX,protein_cold,full,1,verified,<BIO_PROJECT_ROOT>/mgca_hyperparameter_tuning/v10_unbounded_jointtune/outputs/unbounded_warm_hpo_wide_init_v2/formal/KinetX/protein_cold/full/run1
KinetX,protein_cold,full,2,verified,<BIO_PROJECT_ROOT>/mgca_hyperparameter_tuning/v10_unbounded_jointtune/outputs/unbounded_warm_hpo_wide_init_v2/formal/KinetX/protein_cold/full/run2
KinetX,protein_cold,full,3,verified,<BIO_PROJECT_ROOT>/mgca_hyperparameter_tuning/v10_unbounded_jointtune/outputs/unbounded_warm_hpo_wide_init_v2/formal/KinetX/protein_cold/full/run3
KinetX,protein_cold,full,4,verified,<BIO_PROJECT_ROOT>/mgca_hyperparameter_tuning/v10_unbounded_jointtune/outputs/unbounded_warm_hpo_wide_init_v2/formal/KinetX/protein_cold/full/run4
KinetX,protein_cold,full,5,verified,<BIO_PROJECT_ROOT>/mgca_hyperparameter_tuning/v10_unbounded_jointtune/outputs/unbounded_warm_hpo_wide_init_v2/formal/KinetX/protein_cold/full/run5
KinetX,protein_cold,without_protein,1,verified,<BIO_PROJECT_ROOT>/mgca_hyperparameter_tuning/v10_unbounded_jointtune/outputs/unbounded_warm_hpo_wide_init_v2/formal/KinetX/protein_cold/without_protein/run1
KinetX,protein_cold,without_protein,2,verified,<BIO_PROJECT_ROOT>/mgca_hyperparameter_tuning/v10_unbounded_jointtune/outputs/unbounded_warm_hpo_wide_init_v2/formal/KinetX/protein_cold/without_protein/run2
KinetX,protein_cold,without_protein,3,verified,<BIO_PROJECT_ROOT>/mgca_hyperparameter_tuning/v10_unbounded_jointtune/outputs/unbounded_warm_hpo_wide_init_v2/formal/KinetX/protein_cold/without_protein/run3
KinetX,protein_cold,without_protein,4,verified,<BIO_PROJECT_ROOT>/mgca_hyperparameter_tuning/v10_unbounded_jointtune/outputs/unbounded_warm_hpo_wide_init_v2/formal/KinetX/protein_cold/without_protein/run4
KinetX,protein_cold,without_protein,5,verified,<BIO_PROJECT_ROOT>/mgca_hyperparameter_tuning/v10_unbounded_jointtune/outputs/unbounded_warm_hpo_wide_init_v2/formal/KinetX/protein_cold/without_protein/run5
KinetX,protein_cold,without_drug,1,verified,<BIO_PROJECT_ROOT>/mgca_hyperparameter_tuning/v10_unbounded_jointtune/outputs/unbounded_warm_hpo_wide_init_v2/formal/KinetX/protein_cold/without_drug/run1
KinetX,protein_cold,without_drug,2,verified,<BIO_PROJECT_ROOT>/mgca_hyperparameter_tuning/v10_unbounded_jointtune/outputs/unbounded_warm_hpo_wide_init_v2/formal/KinetX/protein_cold/without_drug/run2
KinetX,protein_cold,without_drug,3,verified,<BIO_PROJECT_ROOT>/mgca_hyperparameter_tuning/v10_unbounded_jointtune/outputs/unbounded_warm_hpo_wide_init_v2/formal/KinetX/protein_cold/without_drug/run3
KinetX,protein_cold,without_drug,4,verified,<BIO_PROJECT_ROOT>/mgca_hyperparameter_tuning/v10_unbounded_jointtune/outputs/unbounded_warm_hpo_wide_init_v2/formal/KinetX/protein_cold/without_drug/run4
KinetX,protein_cold,without_drug,5,verified,<BIO_PROJECT_ROOT>/mgca_hyperparameter_tuning/v10_unbounded_jointtune/outputs/unbounded_warm_hpo_wide_init_v2/formal/KinetX/protein_cold/without_drug/run5
KinetX,protein_cold,without_joint,1,verified,<BIO_PROJECT_ROOT>/mgca_hyperparameter_tuning/v10_unbounded_jointtune/outputs/unbounded_warm_hpo_wide_init_v2/formal/KinetX/protein_cold/without_joint/run1
KinetX,protein_cold,without_joint,2,verified,<BIO_PROJECT_ROOT>/mgca_hyperparameter_tuning/v10_unbounded_jointtune/outputs/unbounded_warm_hpo_wide_init_v2/formal/KinetX/protein_cold/without_joint/run2
KinetX,protein_cold,without_joint,3,verified,<BIO_PROJECT_ROOT>/mgca_hyperparameter_tuning/v10_unbounded_jointtune/outputs/unbounded_warm_hpo_wide_init_v2/formal/KinetX/protein_cold/without_joint/run3
KinetX,protein_cold,without_joint,4,verified,<BIO_PROJECT_ROOT>/mgca_hyperparameter_tuning/v10_unbounded_jointtune/outputs/unbounded_warm_hpo_wide_init_v2/formal/KinetX/protein_cold/without_joint/run4
KinetX,protein_cold,without_joint,5,verified,<BIO_PROJECT_ROOT>/mgca_hyperparameter_tuning/v10_unbounded_jointtune/outputs/unbounded_warm_hpo_wide_init_v2/formal/KinetX/protein_cold/without_joint/run5
