dataset,csv,cache_key,cache_hit_before_run,precompute_duration_sec
KinetX,<PROJECT_ROOT>/KinetX/random_split_mgca_input/train_run1.csv,f432dd78411cb04aae30,False,190.9797322191298
KinetX,<PROJECT_ROOT>/KinetX/random_split_mgca_input/val_run1.csv,f7b36a687c95ffb99e2f,False,27.224303741008043
KinetX,<PROJECT_ROOT>/KinetX/random_split_mgca_input/test_run1.csv,752a618f028b8e7f669c,False,54.009184435009956
KinetX,<PROJECT_ROOT>/KinetX/random_split_mgca_input/train_run2.csv,36d263e941fd0533b823,False,190.04062828049064
KinetX,<PROJECT_ROOT>/KinetX/random_split_mgca_input/val_run2.csv,4aed53583a2a4f7ae91e,False,27.77843263372779
KinetX,<PROJECT_ROOT>/KinetX/random_split_mgca_input/test_run2.csv,05f8ad4612a0068ee263,False,53.980177976191044
KinetX,<PROJECT_ROOT>/KinetX/random_split_mgca_input/train_run3.csv,14ec72ea883532373f8a,False,190.30875943601131
KinetX,<PROJECT_ROOT>/KinetX/random_split_mgca_input/val_run3.csv,8745567c0fa982807ffb,False,27.10205313935876
KinetX,<PROJECT_ROOT>/KinetX/random_split_mgca_input/test_run3.csv,1bc41aa2f714c67804ea,False,54.56627441570163
KinetX,<PROJECT_ROOT>/KinetX/random_split_mgca_input/train_run4.csv,6c4eeb73b0b861420c48,False,190.89295327290893
KinetX,<PROJECT_ROOT>/KinetX/random_split_mgca_input/val_run4.csv,c3df2f21251435f9267b,False,27.512953460216522
KinetX,<PROJECT_ROOT>/KinetX/random_split_mgca_input/test_run4.csv,a241b8a335b44b562496,False,53.6861759647727
KinetX,<PROJECT_ROOT>/KinetX/random_split_mgca_input/train_run5.csv,bc2cf9036c0f1376fe0a,False,190.31886491179466
KinetX,<PROJECT_ROOT>/KinetX/random_split_mgca_input/val_run5.csv,9ff880565700abb356a7,False,27.349209405481815
KinetX,<PROJECT_ROOT>/KinetX/random_split_mgca_input/test_run5.csv,5720fe79ea45588dc1c4,False,54.11457050219178
KinetX,<PROJECT_ROOT>/KinetX/drug_cold_start_canonical_5fold/fold1/train.csv,17200b7c22d56a87a40c,False,190.3048042282462
KinetX,<PROJECT_ROOT>/KinetX/drug_cold_start_canonical_5fold/fold1/val.csv,7b9e85e5aba04251a1b3,False,27.338579423725605
KinetX,<PROJECT_ROOT>/KinetX/drug_cold_start_canonical_5fold/fold1/test.csv,d913db7ef3d762e64a75,False,53.89286280423403
KinetX,<PROJECT_ROOT>/KinetX/drug_cold_start_canonical_5fold/fold2/train.csv,1c44e25c76dbdb7a1d41,False,189.7265743277967
KinetX,<PROJECT_ROOT>/KinetX/drug_cold_start_canonical_5fold/fold2/val.csv,1ce99b86e236b05b5aa7,False,27.405919332057238
KinetX,<PROJECT_ROOT>/KinetX/drug_cold_start_canonical_5fold/fold2/test.csv,99596be03c5f97ff9177,False,54.675422213971615
KinetX,<PROJECT_ROOT>/KinetX/drug_cold_start_canonical_5fold/fold3/train.csv,b20519329fc1b142f81b,False,190.64857848733664
KinetX,<PROJECT_ROOT>/KinetX/drug_cold_start_canonical_5fold/fold3/val.csv,688e47ceede897543117,False,27.21834634244442
KinetX,<PROJECT_ROOT>/KinetX/drug_cold_start_canonical_5fold/fold3/test.csv,ef84b579ce05ef584bda,False,54.165967125445604
KinetX,<PROJECT_ROOT>/KinetX/drug_cold_start_canonical_5fold/fold4/train.csv,8a2d471465ce24a9d7a3,False,191.80405782163143
KinetX,<PROJECT_ROOT>/KinetX/drug_cold_start_canonical_5fold/fold4/val.csv,94f86084358b3cadf8fd,False,26.60218631103635
KinetX,<PROJECT_ROOT>/KinetX/drug_cold_start_canonical_5fold/fold4/test.csv,dfd4c27c415223681925,False,53.719552397727966
KinetX,<PROJECT_ROOT>/KinetX/drug_cold_start_canonical_5fold/fold5/train.csv,c9767e617855edceb656,False,189.8656451292336
KinetX,<PROJECT_ROOT>/KinetX/drug_cold_start_canonical_5fold/fold5/val.csv,460a48f041453259c869,False,26.737900592386723
KinetX,<PROJECT_ROOT>/KinetX/drug_cold_start_canonical_5fold/fold5/test.csv,782a11ee9151c65cc83c,False,55.102506432682276
KinetX,<PROJECT_ROOT>/KinetX/cold_start/train.csv,fb9d626642b195caea1f,False,183.38395466282964
KinetX,<PROJECT_ROOT>/KinetX/cold_start/val.csv,7b0a4fe84f9849f548c1,False,40.8582459948957
KinetX,<PROJECT_ROOT>/KinetX/cold_start/test.csv,53e53932c24e96ae7089,False,43.9733390212059
2773,<PROJECT_ROOT>/2773/new_folds/warm/train_run1.csv,93ad4effe36ecd5980da,True,4.172325134277344e-07
2773,<PROJECT_ROOT>/2773/new_folds/warm/val_run1.csv,a33c8ca6a31127108055,True,5.327165126800537e-07
2773,<PROJECT_ROOT>/2773/new_folds/warm/test_run1.csv,0a732bd3012d065a4056,True,3.390014171600342e-07
2773,<PROJECT_ROOT>/2773/new_folds/warm/train_run2.csv,da126c286e895361e3f9,True,1.9371509552001953e-07
2773,<PROJECT_ROOT>/2773/new_folds/warm/val_run2.csv,1be7cc306c42c254ad30,True,6.332993507385254e-07
2773,<PROJECT_ROOT>/2773/new_folds/warm/test_run2.csv,df66ac1198ea2d1de5bd,True,3.5390257835388184e-07
2773,<PROJECT_ROOT>/2773/new_folds/warm/train_run3.csv,c377105264e31a341620,True,1.2665987014770508e-06
2773,<PROJECT_ROOT>/2773/new_folds/warm/val_run3.csv,10dadf986fc94f0f4c83,True,3.91155481338501e-07
2773,<PROJECT_ROOT>/2773/new_folds/warm/test_run3.csv,2664a3917c6573ce936f,True,2.905726432800293e-07
2773,<PROJECT_ROOT>/2773/new_folds/warm/train_run4.csv,b556f46b79a418332102,True,6.48200511932373e-07
2773,<PROJECT_ROOT>/2773/new_folds/warm/val_run4.csv,799fc2c56313931aa3a3,True,9.015202522277832e-07
2773,<PROJECT_ROOT>/2773/new_folds/warm/test_run4.csv,23336ac75c6fe1113da6,True,9.424984455108643e-07
2773,<PROJECT_ROOT>/2773/new_folds/warm/train_run5.csv,33577e1e8697be26f363,True,2.086162567138672e-07
2773,<PROJECT_ROOT>/2773/new_folds/warm/val_run5.csv,cdbb32ba13d11fc8ca92,True,5.662441253662109e-07
2773,<PROJECT_ROOT>/2773/new_folds/warm/test_run5.csv,981c6cf8192aacafe3e8,True,1.3560056686401367e-06
2773,<PROJECT_ROOT>/2773/new_folds/drug-cold/train_run1.csv,24c9b4eb080376d2c292,True,9.5367431640625e-07
2773,<PROJECT_ROOT>/2773/new_folds/drug-cold/val_run1.csv,08280109363bebeef238,True,4.917383193969727e-07
2773,<PROJECT_ROOT>/2773/new_folds/drug-cold/test_run1.csv,b838e8dd10666b5a873f,True,6.92903995513916e-07
2773,<PROJECT_ROOT>/2773/new_folds/drug-cold/train_run2.csv,b75ff4e17e27c16229ff,True,6.109476089477539e-07
2773,<PROJECT_ROOT>/2773/new_folds/drug-cold/val_run2.csv,2eae710f5c4fde003cc8,True,5.550682544708252e-07
2773,<PROJECT_ROOT>/2773/new_folds/drug-cold/test_run2.csv,1e9aa82453f762e12e98,True,1.1138617992401123e-06
2773,<PROJECT_ROOT>/2773/new_folds/drug-cold/train_run3.csv,b8f85b80652af830f2d9,True,9.909272193908691e-07
2773,<PROJECT_ROOT>/2773/new_folds/drug-cold/val_run3.csv,4514f9974f91d5ef936f,True,7.450580596923828e-07
2773,<PROJECT_ROOT>/2773/new_folds/drug-cold/test_run3.csv,74b76a38f15a86421a52,True,1.3299286365509033e-06
2773,<PROJECT_ROOT>/2773/new_folds/drug-cold/train_run4.csv,dd2d654ecd232060d818,True,8.977949619293213e-07
2773,<PROJECT_ROOT>/2773/new_folds/drug-cold/val_run4.csv,78ae705b84151ff426db,True,5.662441253662109e-07
2773,<PROJECT_ROOT>/2773/new_folds/drug-cold/test_run4.csv,7dd90e4b018f9e2a566f,True,4.991888999938965e-07
2773,<PROJECT_ROOT>/2773/new_folds/drug-cold/train_run5.csv,a55b8babc5627485dcc2,True,8.381903171539307e-07
2773,<PROJECT_ROOT>/2773/new_folds/drug-cold/val_run5.csv,6947b9ec5255ea776dc6,True,5.476176738739014e-07
2773,<PROJECT_ROOT>/2773/new_folds/drug-cold/test_run5.csv,ed98c1485ebda95fe03f,True,9.052455425262451e-07
2773,<PROJECT_ROOT>/2773/new_folds/target-cold/train.csv,9c7896a130966c42161d,True,9.126961231231689e-07
2773,<PROJECT_ROOT>/2773/new_folds/target-cold/val.csv,2f432b7181cd6c49820a,True,4.507601261138916e-07
2773,<PROJECT_ROOT>/2773/new_folds/target-cold/test.csv,f5751ffaf87a98dc1bc3,True,5.438923835754395e-07
